院校,专业,专业详情,年份,最低分,位次,科目,985,211
清华大学,文科试验班类,（通用基础类）,2020,706,5,不限,1,1
清华大学,测控技术与仪器,（定向兵器工业）,2020,682,361,物,1,1
清华大学,临床医学类,,2020,695,59,物、化,1,1
清华大学,核工程与核技术,（定向中核）,2020,681,405,物,1,1
清华大学,理科试验班类,（物理基础类）,2020,689,174,物,1,1
北京大学,法学,,2020,691,139,不限,1,1
北京大学,社会学类,,2020,687,206,不限,1,1
北京大学,历史学类,,2020,692,119,不限,1,1
北京大学,物理学类,,2020,693,95,物,1,1
北京大学,数学类,,2020,693,80,物,1,1
北京大学,新闻传播学类,,2020,687,225,不限,1,1
北京大学,环境科学,（环境、生态、地理与资源环境）,2020,690,145,物/化,1,1
北京大学,信息管理与信息系统,,2020,688,189,不限,1,1
北京大学,计算机类,,2020,693,90,物,1,1
北京大学,理科试验班类,,2020,695,67,物,1,1
北京大学,地球物理学类,,2020,692,109,物,1,1
北京大学,电子信息类,,2020,693,97,物,1,1
北京大学,工科试验班类,,2020,691,129,物,1,1
北京大学,天文学,,2020,691,125,物,1,1
北京大学,城乡规划,,2020,688,188,不限,1,1
北京大学,工商管理类,,2020,697,45,不限,1,1
北京大学,公共管理类,,2020,687,222,不限,1,1
北京大学,经济学类,,2020,692,105,不限,1,1
北京大学,化学类,,2020,690,158,物/化,1,1
北京大学,哲学类,,2020,688,198,不限,1,1
中国人民大学,法学,,2020,681,456,不限,1,1
中国人民大学,金融学类,,2020,682,380,物/史,1,1
中国人民大学,人力资源管理,（以学校公布分流专业为准）,2020,675,792,不限,1,1
中国人民大学,经济学类,,2020,680,470,不限,1,1
中国人民大学,理科试验班,,2020,677,685,物,1,1
中国人民大学,国际政治,（以学校公布分流专业为准）,2020,674,911,不限,1,1
中国人民大学,新闻传播学类,,2020,675,775,不限,1,1
中国人民大学,社会科学试验班,（管理学科类）,2020,674,878,不限,1,1
中国人民大学,工商管理类,,2020,675,771,物/史,1,1
北京交通大学,软件工程,,2020,646,5517,物,0,1
北京交通大学,经济管理试验班,,2020,640,7103,物,0,1
北京交通大学,机械电子工程,（中外合作办学）,2020,602,25281,物,0,1
北京交通大学,电气工程及其自动化,（新能源国际班）,2020,640,7188,物,0,1
北京交通大学,电气类,,2020,640,7143,物,0,1
北京交通大学,电子信息类,（通信与控制）,2020,644,5906,物,0,1
北京交通大学,纳米材料与技术,（中外合作办学）,2020,604,23823,物,0,1
北京交通大学,计算机类,,2020,650,4571,物,0,1
北京交通大学,土木类,（智慧建造与智能工程）,2020,631,10319,物,0,1
北京交通大学,理科试验班类,,2020,642,6449,物,0,1
北京交通大学,外国语言文学类,,2020,637,8039,不限,0,1
北京交通大学,交通运输类,,2020,641,6948,物/化,0,1
北京交通大学,交通运输,（中外合作办学）,2020,613,18667,物/化,0,1
北京交通大学,建筑类,,2020,634,9039,物,0,1
北京交通大学,新闻传播学类,,2020,639,7343,不限,0,1
北京交通大学,法学,,2020,640,7047,不限,0,1
北京交通大学,机械类,（智能制造与智能装备）,2020,636,8426,物,0,1
石河子大学,农林经济管理,,2020,552,77614,不限,0,1
石河子大学,临床医学,,2020,580,43732,化、生,0,1
石河子大学,动物医学,,2020,543,91570,物/化/生,0,1
石河子大学,阿拉伯语,,2020,553,77363,不限,0,1
石河子大学,葡萄与葡萄酒工程,,2020,545,87763,物/化/生,0,1
石河子大学,中药学,,2020,552,78199,物/化/生,0,1
石河子大学,计算机类,,2020,564,62294,物,0,1
石河子大学,材料科学与工程,,2020,566,59964,化,0,1
石河子大学,新闻传播学类,,2020,559,68666,不限,0,1
石河子大学,药学,,2020,559,68019,物/化/生,0,1
石河子大学,应用物理学,,2020,550,80340,物,0,1
石河子大学,临床药学,,2020,564,62231,物/化/生,0,1
石河子大学,电子信息工程,,2020,565,60315,物,0,1
石河子大学,社会工作,,2020,551,80197,不限,0,1
石河子大学,经济学类,,2020,562,64902,不限,0,1
石河子大学,食品科学与工程类,,2020,551,78848,物/化/生,0,1
石河子大学,口腔医学,,2020,578,46417,化、生,0,1
石河子大学,工商管理类,,2020,558,70376,不限,0,1
石河子大学,护理学,,2020,543,92248,不限,0,1
石河子大学,植物生产类,,2020,542,93866,化/生,0,1
北京航空航天大学,工科试验班类,（信息类）,2020,673,940,物,1,1
北京航空航天大学,理科试验班类,（高等理工学院）,2020,678,614,物,1,1
北京航空航天大学,工科试验班类,（航空H航天类）,2020,671,1114,物,1,1
北京航空航天大学,工科试验班类,（国际通用工程学院）,2020,675,815,物,1,1
北京航空航天大学,工科试验班类,（医工交叉试验班）,2020,675,790,物,1,1
北京航空航天大学,理科试验班类,（中法工程师学院）,2020,673,953,物,1,1
北京理工大学,工科试验班,（电子信息实验班）（电子信息实验班）,2020,666,1731,物,1,1
北京理工大学,工科试验班,（信息科学技术）（信息科学技术）,2020,666,1744,物,1,1
北京理工大学,工科试验班,（宇航与机电类）（宇航与机电类）,2020,666,1774,物,1,1
北京理工大学,工科试验班,（智能制造与车辆实验班）（智能制造与车辆实验班）,2020,665,1874,物,1,1
北京理工大学,理科试验班,（徐特立英才班）（徐特立英才班）,2020,671,1190,物,1,1
北京科技大学,冶金工程,,2020,625,12601,化,0,1
北京科技大学,安全工程,,2020,629,11151,物,0,1
北京科技大学,材料科学与工程,,2020,629,10859,物,0,1
北京科技大学,工商管理类,,2020,633,9314,不限,0,1
北京科技大学,数学类,,2020,632,9727,物,0,1
北京科技大学,理科试验班,,2020,642,6581,物,0,1
北京科技大学,社会科学试验班,,2020,628,11425,不限,0,1
北京科技大学,外国语言文学类,,2020,626,12042,不限,0,1
北京科技大学,管理科学与工程类,,2020,631,10271,物,0,1
北京科技大学,应用化学,,2020,629,11123,物/化,0,1
北京科技大学,通信工程,,2020,633,9480,物,0,1
北京科技大学,生物技术,,2020,629,11128,物/化/生,0,1
北京科技大学,计算机类,,2020,641,6789,物,0,1
北京科技大学,自动化类,,2020,634,9190,物,0,1
北京科技大学,土木类,,2020,624,12993,物,0,1
北京科技大学,能源动力类,,2020,629,11079,物/化,0,1
北京科技大学,矿业类,,2020,619,15491,物/化,0,1
北京科技大学,机械类,,2020,627,11688,物,0,1
北京科技大学,工科试验班类,（卓越计划）,2020,637,8151,物,0,1
北京科技大学,应用物理学,,2020,631,10090,物,0,1
北京化工大学,公共管理类,,2020,613,18808,不限,0,1
北京化工大学,计算机类,,2020,620,14829,物,0,1
北京化工大学,法学,,2020,617,16631,不限,0,1
北京化工大学,工科试验班,（高材精英班）,2020,630,10404,物、化,0,1
北京化工大学,工商管理类,,2020,617,16581,不限,0,1
北京化工大学,化学类,,2020,617,16354,物/化,0,1
北京化工大学,工科试验班,（绿色化工与新能源类）,2020,621,14531,物、化,0,1
北京化工大学,电子科学与技术,,2020,623,13480,物、化,0,1
北京化工大学,国际经济与贸易,,2020,614,18089,不限,0,1
北京化工大学,机械类,（高端装备与智能制造、机器人）,2020,616,17028,物、化,0,1
北京化工大学,英语,,2020,615,17567,不限,0,1
北京化工大学,生物工程,（中外合作办学）（中美双学位、生物过程工程）,2020,586,38478,物/化/生,0,1
北京化工大学,自动化类,,2020,618,15650,物,0,1
北京化工大学,化工与制药类,（中外合作办学）（中法精英工程教育试验班）,2020,591,34080,物、化,0,1
北京化工大学,人工智能,,2020,622,13788,物,0,1
北京化工大学,制药工程,,2020,618,15673,物/化/生,0,1
北京化工大学,机械设计制造及其自动化,（中外合作办学）（中美双学位、机器人方向）,2020,594,31379,物、化,0,1
北京化工大学,环境工程,,2020,614,18235,物、化,0,1
北京化工大学,管理科学与工程类,,2020,616,16888,物,0,1
北京化工大学,生物工程类,（绿色生物制造与生物安全）,2020,615,17281,物/化/生,0,1
北京邮电大学,应用物理学,,2020,652,4080,物,0,1
北京邮电大学,电子商务,,2020,651,4365,不限,0,1
北京邮电大学,网络空间安全,（大类招生）,2020,660,2619,物,0,1
北京邮电大学,通信工程,（大类招生）,2020,658,2869,物,0,1
北京邮电大学,英语,,2020,636,8591,不限,0,1
北京邮电大学,机械工程,（机器人试验班）,2020,653,3986,物,0,1
北京邮电大学,人工智能,（大类招生）,2020,657,3139,物,0,1
北京邮电大学,自动化类,,2020,656,3384,物,0,1
北京邮电大学,工商管理类,,2020,650,4458,不限,0,1
北京邮电大学,软件工程,,2020,656,3232,物,0,1
北京邮电大学,计算机类,,2020,661,2478,物,0,1
北京邮电大学,电子信息类,,2020,656,3338,物,0,1
北京邮电大学,法学,,2020,646,5596,不限,0,1
北京邮电大学,日语,,2020,637,8266,不限,0,1
北京邮电大学,科技与创意设计试验班,,2020,654,3706,物,0,1
北京邮电大学,理科试验班,（数学与信息科学）,2020,655,3593,物,0,1
北京联合大学,旅游管理,,2020,564,62180,不限,0,0
北京联合大学,金融学,,2020,577,47048,不限,0,0
北京联合大学,会展经济与管理,,2020,560,67642,不限,0,0
北京联合大学,烹饪与营养教育,,2020,553,76942,物/化/生,0,0
北京联合大学,法学,,2020,582,42392,不限,0,0
北京联合大学,工程管理,,2020,566,58884,物,0,0
北京联合大学,地理信息科学,,2020,587,37417,物/化/地,0,0
北京联合大学,制药工程,,2020,571,53735,物/化/生,0,0
北京联合大学,人文地理与城乡规划,,2020,569,56253,物/化/地,0,0
北京联合大学,工业设计,,2020,564,61462,物,0,0
北京联合大学,会计学,,2020,574,50569,不限,0,0
北京联合大学,电气工程及其自动化,,2020,571,53160,物,0,0
北京联合大学,英语,,2020,575,49081,不限,0,0
北京联合大学,工商管理类,,2020,577,46826,不限,0,0
北京联合大学,软件工程,（实验班）,2020,576,47676,物,0,0
北京联合大学,金融学,（实验班）,2020,577,47461,不限,0,0
北京联合大学,生物工程,,2020,570,54830,物/化/生,0,0
北京联合大学,旅游管理,（博雅实验班）,2020,558,69147,不限,0,0
北京联合大学,网络与新媒体,,2020,585,39226,不限,0,0
北京联合大学,国际经济与贸易,,2020,570,54494,不限,0,0
北京林业大学,环境科学,,2020,615,17337,化,0,1
北京林业大学,风景园林,,2020,629,10803,物/地/生,0,1
北京林业大学,园林,,2020,613,18373,物/化/生,0,1
北京林业大学,水土保持与荒漠化防治,,2020,606,22640,物/化/生,0,1
北京林业大学,机械设计制造及其自动化,,2020,612,19110,物,0,1
北京林业大学,英语,,2020,617,16438,不限,0,1
北京林业大学,林学类,,2020,613,18413,化/生,0,1
北京林业大学,金融学,,2020,623,13476,物/化/生,0,1
北京林业大学,信息管理与信息系统,,2020,615,17493,物,0,1
北京林业大学,土木工程,,2020,611,19903,物,0,1
北京林业大学,电气工程及其自动化,,2020,618,16008,物,0,1
北京林业大学,木材科学与工程,（中外合作办学）,2020,579,45203,物/化/生,0,1
北京林业大学,自动化,,2020,617,16270,物,0,1
北京林业大学,国际经济与贸易,,2020,617,16187,物/化/生,0,1
北京林业大学,草业科学,（草坪科学与管理方向）,2020,605,23577,物/化/生,0,1
北京林业大学,数学与应用数学,,2020,618,15655,物,0,1
北京林业大学,信息管理与信息系统,（管理信息方向）,2020,614,17970,物,0,1
北京林业大学,商务英语,,2020,618,15983,不限,0,1
北京林业大学,园艺,（观赏园艺方向）,2020,613,18818,化/生,0,1
北京林业大学,包装工程,,2020,607,21847,物/化,0,1
中国传媒大学,广告学,,2020,644,6151,不限,0,1
中国传媒大学,广播电视工程,,2020,628,11374,物,0,1
中国传媒大学,文化产业管理,,2020,637,8043,不限,0,1
中国传媒大学,新闻学,,2020,648,4988,不限,0,1
中国传媒大学,传播学,,2020,649,4865,不限,0,1
中国传媒大学,网络空间安全,,2020,627,11725,物,0,1
中国传媒大学,经济学类,,2020,640,7220,不限,0,1
中国传媒大学,国际新闻与传播,,2020,646,5559,不限,0,1
中国传媒大学,通信工程,（无线多媒体广播技术方向）,2020,627,11855,物,0,1
中国传媒大学,自动化,（演艺工程与智能技术方向）,2020,625,12614,物,0,1
中国传媒大学,通信工程,,2020,630,10633,物,0,1
中国传媒大学,广告学,（数字营销方向）,2020,639,7332,不限,0,1
中国传媒大学,数字媒体技术,（游戏设计技术方向）,2020,636,8592,物,0,1
中国传媒大学,工商管理类,,2020,637,8181,不限,0,1
中国传媒大学,物联网工程,,2020,625,12519,物,0,1
中国传媒大学,数据科学与大数据技术,（传媒大数据方向）,2020,631,10121,物,0,1
中国传媒大学,传播学,（中外合作办学）,2020,621,14582,不限,0,1
中国传媒大学,智能科学与技术,（智能媒体技术方向）,2020,632,9934,物,0,1
中国传媒大学,网络与新媒体,（智能融媒体运营方向）,2020,643,6185,不限,0,1
中国传媒大学,行政管理,（国家治理与政治传播方向）,2020,634,9257,不限,0,1
中央民族大学,法学类,,2020,634,9214,不限,1,1
中央民族大学,公共管理类,,2020,632,9928,不限,1,1
中央民族大学,教育学,,2020,630,10574,不限,1,1
中央民族大学,信息与计算科学,,2020,625,12629,物,1,1
中央民族大学,计算机类,,2020,631,10238,物,1,1
中央民族大学,生物科学类,,2020,627,11879,物/化/生,1,1
中央民族大学,历史学类,,2020,636,8459,史,1,1
中央民族大学,环境科学,（中外合作办学）,2020,598,27905,物/化/生,1,1
中央民族大学,光电信息科学与工程,,2020,623,13648,物,1,1
中央民族大学,新闻传播学类,,2020,637,8271,不限,1,1
中央民族大学,经济学类,,2020,632,9912,不限,1,1
中央民族大学,文物与博物馆学,,2020,628,11341,史,1,1
中央民族大学,哲学类,,2020,639,7463,不限,1,1
中央民族大学,汉语言文学,,2020,637,8224,不限,1,1
中央民族大学,外国语言文学类,,2020,633,9605,不限,1,1
中央民族大学,电子信息类,,2020,625,12431,物,1,1
中央民族大学,社会学类,,2020,634,9291,不限,1,1
中央民族大学,统计学类,,2020,626,12312,物,1,1
中央民族大学,工商管理类,,2020,630,10618,不限,1,1
北京师范大学,历史学类,,2020,656,3399,地/史,1,1
北京师范大学,人文科学试验班,,2020,659,2803,不限,1,1
北京师范大学,社会科学试验班,,2020,660,2662,不限,1,1
北京师范大学,教育学类,,2020,659,2814,不限,1,1
北京师范大学,物理学类,,2020,659,2679,物,1,1
北京师范大学,理科试验班,,2020,659,2750,物/化,1,1
北京师范大学,数学类,,2020,666,1736,物,1,1
南京师范大学,法学,,2020,629,11082,不限,0,1
南京师范大学,食品科学与工程,,2020,614,17844,物/化/生,0,1
南京师范大学,化学类,,2020,623,13497,物/化,0,1
南京师范大学,环境科学与工程类,,2020,617,16245,物/化/生,0,1
南京师范大学,生物科学类,,2020,626,12044,物/化/生,0,1
南京师范大学,新闻传播学类,,2020,625,12577,不限,0,1
南京师范大学,数学类,,2020,629,10953,物,0,1
南京师范大学,外国语言文学类,（双外语）,2020,632,9982,不限,0,1
南京师范大学,电气工程及其自动化,,2020,620,14983,物,0,1
南京师范大学,海洋资源与环境,,2020,609,21062,物/化/生,0,1
南京师范大学,学前教育,（师范）,2020,614,18114,不限,0,1
南京师范大学,电子信息类,,2020,622,13827,物,0,1
南京师范大学,汉语国际教育,,2020,627,11986,不限,0,1
南京师范大学,教育技术学,（师范）,2020,618,15761,物/化/生,0,1
南京师范大学,工商管理类,,2020,622,14048,不限,0,1
南京师范大学,人工智能,,2020,621,14217,物,0,1
南京师范大学,应用心理学,,2020,621,14491,不限,0,1
南京师范大学,哲学,,2020,627,11921,不限,0,1
南京师范大学,英语,（师范）,2020,641,6986,不限,0,1
南京师范大学,历史学类,,2020,629,11126,地/史,0,1
对外经济贸易大学,金融工程,,2020,663,2111,不限,0,1
对外经济贸易大学,金融学,,2020,662,2301,不限,0,1
对外经济贸易大学,政治学类,,2020,648,4981,不限,0,1
对外经济贸易大学,投资学,,2020,657,3144,不限,0,1
对外经济贸易大学,精算学,,2020,654,3732,物/化/生,0,1
对外经济贸易大学,经济学类,,2020,660,2640,不限,0,1
对外经济贸易大学,保险学,,2020,654,3671,不限,0,1
对外经济贸易大学,工商管理类,,2020,655,3426,不限,0,1
对外经济贸易大学,数据科学与大数据技术,,2020,654,3674,物,0,1
对外经济贸易大学,金融工程,（量化金融实验班）,2020,663,2094,不限,0,1
对外经济贸易大学,国际商务,,2020,655,3548,不限,0,1
对外经济贸易大学,法学类,,2020,656,3372,不限,0,1
对外经济贸易大学,国际经济与贸易,（国际组织人才基地班）,2020,659,2799,不限,0,1
对外经济贸易大学,经济统计学,,2020,659,2801,物/化/生,0,1
对外经济贸易大学,金融学类,,2020,661,2379,不限,0,1
对外经济贸易大学,金融数学,,2020,658,2957,物/化/生,0,1
北方工业大学,信息安全,,2020,595,30840,物,0,0
北方工业大学,电子信息工程,（理工科实验班）,2020,601,25850,物,0,0
北方工业大学,建筑学,,2020,595,30921,物/地/史,0,0
北方工业大学,汉语言文学,,2020,600,27052,不限,0,0
北方工业大学,会计学,,2020,599,27774,不限,0,0
北方工业大学,交通设备与控制工程,（智能交通）,2020,591,33313,物,0,0
北方工业大学,城市地下空间工程,（智慧城市）,2020,591,33934,物,0,0
北方工业大学,计算机科学与技术,（创新实验班）,2020,607,22055,物,0,0
北方工业大学,知识产权,,2020,614,18185,不限,0,0
北方工业大学,经济与金融,,2020,613,18763,不限,0,0
北方工业大学,通信工程,,2020,598,28230,物,0,0
北方工业大学,日语,,2020,594,31627,不限,0,0
北方工业大学,数据科学与大数据技术,（中外合作办学）,2020,579,44595,物,0,0
北方工业大学,智能建造,,2020,590,34515,物,0,0
北方工业大学,电气工程及其自动化,,2020,597,29110,物,0,0
北方工业大学,机械电子工程,,2020,595,30800,物,0,0
北方工业大学,广告学,,2020,594,31714,不限,0,0
北方工业大学,信息与计算科学,,2020,594,30953,物,0,0
北方工业大学,城乡规划,,2020,592,33107,地/史/生,0,0
北方工业大学,机械设计制造及其自动化,（创新实验班）,2020,599,27709,物,0,0
北京外国语大学,英语,,2020,657,3188,不限,0,1
北京外国语大学,西班牙语,,2020,659,2844,史,0,1
北京外国语大学,法语,,2020,665,1882,不限,0,1
北京外国语大学,外交学,,2020,656,3300,不限,0,1
北京外国语大学,日语,,2020,652,4098,不限,0,1
北京外国语大学,德语,,2020,657,3138,不限,0,1
北京外国语大学,汉语国际教育,,2020,652,4201,不限,0,1
北京外国语大学,新闻学,（日语）,2020,649,4881,政,0,1
北京外国语大学,工商管理类,,2020,649,4797,不限,0,1
北京外国语大学,翻译,（外交外事高级翻译）,2020,666,1821,不限,0,1
北京外国语大学,世界史,,2020,648,4987,史,0,1
北京外国语大学,汉语言文学,（英语）,2020,652,4152,不限,0,1
北京外国语大学,传播学,,2020,652,4059,不限,0,1
北京外国语大学,国际商务,（德语和德语国家研究）,2020,652,4154,不限,0,1
北京外国语大学,国际经济与贸易,（中外合作办学）,2020,639,7559,不限,0,1
北京外国语大学,金融学,,2020,657,3151,不限,0,1
北京外国语大学,外交学,（中外合作办学）,2020,625,12653,不限,0,1
北京外国语大学,外交学,（法语与法语国家研究）,2020,652,4219,不限,0,1
北京外国语大学,信息管理与信息系统,（大数据与商务分析方向）,2020,653,3972,物,0,1
北京外国语大学,俄语,（金融方向）,2020,654,3796,物/地/史,0,1
中国矿业大学,环境科学与工程类,,2020,601,25883,物/化,0,1
中国矿业大学,建筑环境与能源应用工程,（中外合作办学）,2020,579,44737,物,0,1
中国矿业大学,经济与贸易类,,2020,603,24539,不限,0,1
中国矿业大学,能源动力类,,2020,599,27220,物,0,1
中国矿业大学,计算机类,,2020,606,22570,物,0,1
中国矿业大学,土木类,,2020,598,28271,物,0,1
中国矿业大学,工商管理类,,2020,602,25413,不限,0,1
中国矿业大学,人工智能,,2020,605,23334,物,0,1
中国矿业大学,电子信息类,,2020,602,25082,物,0,1
中国矿业大学,建筑类,,2020,599,27331,物,0,1
中国矿业大学,电气类,,2020,604,23758,物,0,1
中国矿业大学,大数据管理与应用,,2020,605,23241,物,0,1
中国矿业大学,力学类,,2020,599,27476,物,0,1
中国矿业大学,机械类,,2020,599,27218,物,0,1
中国矿业大学,材料类,,2020,599,27453,物,0,1
中国矿业大学,化工与制药类,,2020,601,25819,物/化,0,1
中国矿业大学,物理学类,,2020,601,26121,物,0,1
中国矿业大学,公共管理类,,2020,603,24922,不限,0,1
中国矿业大学,外国语言文学类,,2020,603,24945,不限,0,1
中国矿业大学,数学类,,2020,602,25248,物,0,1
新疆大学,电子信息工程,,2020,578,45709,物,0,1
新疆大学,土木工程,,2020,557,71782,物、化,0,1
新疆大学,纺织工程,,2020,545,87963,物/化,0,1
新疆大学,自动化,,2020,569,55909,物,0,1
新疆大学,电气工程及其自动化,,2020,577,46649,物,0,1
新疆大学,数学与应用数学,,2020,581,42978,物,0,1
新疆大学,资源勘查工程,,2020,551,79455,物/化,0,1
新疆大学,化学工程与工艺,,2020,559,67922,化,0,1
新疆大学,行政管理,,2020,570,54511,不限,0,1
新疆大学,服装设计与工程,,2020,545,88549,物/化,0,1
新疆大学,国际经济与贸易,,2020,568,57601,不限,0,1
新疆大学,采矿工程,,2020,542,93010,物/化/地,0,1
新疆大学,信息与计算科学,,2020,575,49699,物,0,1
新疆大学,数据科学与大数据技术,,2020,577,47034,物,0,1
新疆大学,俄语,,2020,561,66327,不限,0,1
新疆大学,能源化学工程,,2020,554,74977,化,0,1
新疆大学,思想政治教育,,2020,571,54098,政,0,1
新疆大学,计算机科学与技术,,2020,582,41964,物,0,1
新疆大学,汉语言文学,,2020,572,52372,政、史,0,1
新疆大学,生物工程,,2020,558,69633,化、生,0,1
浙江理工大学,服装设计与工程,,2020,595,30272,物/化,0,0
浙江理工大学,轻化工程,,2020,591,34048,物/化,0,0
浙江理工大学,电气类,,2020,598,28475,物,0,0
浙江理工大学,材料类,,2020,596,30070,化,0,0
浙江理工大学,外国语言文学类,,2020,593,32278,不限,0,0
浙江理工大学,工商管理类,,2020,594,31548,不限,0,0
浙江理工大学,计算机类,,2020,601,25899,物,0,0
浙江理工大学,国际经济与贸易,（英文授课班）,2020,594,31021,不限,0,0
浙江理工大学,新闻传播学类,,2020,595,30716,不限,0,0
浙江理工大学,土木类,,2020,592,33161,物,0,0
浙江理工大学,能源与动力工程,,2020,595,30596,物,0,0
浙江理工大学,电子信息类,,2020,600,26551,物,0,0
浙江理工大学,丝绸设计与工程,,2020,585,39140,物/化,0,0
浙江理工大学,经济与贸易类,,2020,594,31542,不限,0,0
浙江理工大学,纺织类,,2020,586,38298,物/化,0,0
浙江理工大学,工商管理,（英文授课班）,2020,598,28369,不限,0,0
浙江理工大学,机械类,,2020,596,29429,物,0,0
浙江理工大学,服装设计与工程,（中外合作办学）,2020,575,49538,物/化,0,0
浙江理工大学,行政管理,,2020,586,38570,不限,0,0
浙江理工大学,建筑类,,2020,596,30002,物/史,0,0
中央财经大学,统计学类,,2020,662,2275,物,0,1
中央财经大学,金融学类,,2020,670,1231,物,0,1
中央财经大学,文化产业管理,,2020,649,4795,不限,0,1
中央财经大学,经济学类,,2020,668,1484,不限,0,1
中央财经大学,金融学,（国际金融与公司理财）,2020,668,1495,物,0,1
中央财经大学,数学类,,2020,660,2639,物,0,1
中央财经大学,管理科学与工程类,,2020,655,3553,物,0,1
中央财经大学,工商管理类,（会计学院）,2020,665,1925,不限,0,1
中央财经大学,公共管理类,,2020,651,4447,不限,0,1
中央财经大学,经济学,（数理经济与数理金融）,2020,669,1327,不限,0,1
中央财经大学,财政学类,,2020,661,2513,不限,0,1
中央财经大学,投资学,,2020,658,2902,物,0,1
中央财经大学,精算学,,2020,665,1865,物,0,1
中央财经大学,财政学,（财政理论与政策）,2020,664,2058,不限,0,1
中央财经大学,法学,,2020,651,4415,不限,0,1
中央财经大学,工商管理类,（商学院）,2020,656,3293,不限,0,1
中央财经大学,计算机类,,2020,658,2994,物,0,1
中央财经大学,国际经济与贸易,（中外合作办学）（国际贸易、金融风险管理）,2020,641,6934,不限,0,1
华北电力大学,管理科学与工程类,,2020,623,13397,物,0,1
华北电力大学,环境科学与工程类,,2020,620,15031,化,0,1
华北电力大学,机械类,,2020,628,11376,物,0,1
华北电力大学,自动化类,,2020,628,11533,物,0,1
华北电力大学,公共管理类,,2020,622,14042,不限,0,1
华北电力大学,核工程类,,2020,621,14468,物,0,1
华北电力大学,土木类,,2020,622,13749,物,0,1
华北电力大学,法学类,,2020,621,14662,不限,0,1
华北电力大学,水利类,,2020,624,12920,物,0,1
华北电力大学,材料类,,2020,623,13286,物,0,1
华北电力大学,物理学类,,2020,627,11929,物,0,1
华北电力大学,工商管理类,,2020,621,14451,不限,0,1
华北电力大学,电气类,,2020,639,7424,物,0,1
华北电力大学,电子信息类,,2020,634,9262,物,0,1
华北电力大学,计算机类,,2020,628,11254,物,0,1
华北电力大学,能源动力类,（能动）,2020,626,12188,物,0,1
华北电力大学,数学类,,2020,627,11893,物,0,1
华北电力大学,外国语言文学类,,2020,618,16127,不限,0,1
华北电力大学,能源动力类,（新能源）,2020,626,12165,物,0,1
北京体育大学,旅游管理,,2020,596,30134,不限,0,1
北京体育大学,法语,,2020,599,27461,不限,0,1
北京体育大学,新闻学,,2020,606,22943,不限,0,1
北京体育大学,网络与新媒体,,2020,606,22731,不限,0,1
北京体育大学,经济学,,2020,611,19819,不限,0,1
北京体育大学,德语,,2020,601,25897,不限,0,1
北京体育大学,公共事业管理,,2020,600,26632,不限,0,1
北京体育大学,应用心理学,,2020,604,24246,物/化/生,0,1
北京体育大学,俄语,,2020,598,28235,不限,0,1
北京体育大学,英语,,2020,608,21638,不限,0,1
北京体育大学,汉语国际教育,,2020,604,24333,不限,0,1
北京体育大学,马克思主义理论,,2020,617,16684,政,0,1
北京体育大学,智能体育工程,,2020,598,27910,物/化,0,1
北京体育大学,体育经济与管理,,2020,600,26582,不限,0,1
北京体育大学,运动康复,,2020,601,25959,物/化/生,0,1
北京体育大学,数据科学与大数据技术,,2020,601,25803,物,0,1
北京体育大学,葡萄牙语,,2020,596,29999,不限,0,1
北京体育大学,汉语言文学,,2020,605,23600,史,0,1
北京体育大学,教育学,,2020,605,23657,不限,0,1
北京体育大学,西班牙语,,2020,602,24992,不限,0,1
华东政法大学,法学类,,2020,639,7440,不限,0,0
华东政法大学,经济学类,,2020,631,10291,不限,0,0
华东政法大学,新闻传播学类,,2020,632,9855,不限,0,0
华东政法大学,英语,（涉外法商）,2020,629,11023,不限,0,0
华东政法大学,公共管理类,（双学位培养项目）,2020,636,8496,不限,0,0
华东政法大学,社会学类,,2020,629,11115,不限,0,0
华东政法大学,工商管理类,,2020,630,10715,不限,0,0
华东政法大学,法学类,（卓越人才实验班）,2020,645,5722,不限,0,0
华东政法大学,知识产权,（卓越人才实验班）,2020,639,7441,不限,0,0
燕山大学,机械设计制造及其自动化,,2020,601,25936,物,0,0
燕山大学,自动化,,2020,601,25845,物,0,0
燕山大学,计算机科学与技术,,2020,601,26106,物,0,0
燕山大学,旅游管理,,2020,585,39139,不限,0,0
燕山大学,法语,,2020,584,39823,不限,0,0
燕山大学,环境工程,,2020,590,34424,物/化/生,0,0
燕山大学,工商管理,,2020,590,34806,不限,0,0
燕山大学,公共事业管理,,2020,585,39473,不限,0,0
燕山大学,软件工程,,2020,596,29996,物,0,0
燕山大学,电子商务,,2020,587,37654,不限,0,0
燕山大学,统计学,,2020,593,31801,物/化/生,0,0
燕山大学,德语,,2020,582,42497,不限,0,0
燕山大学,应用物理学,,2020,590,34845,物,0,0
燕山大学,能源化学工程,,2020,593,32429,物/化,0,0
燕山大学,汉语言文学,,2020,595,30789,不限,0,0
燕山大学,信息与计算科学,,2020,595,30478,物,0,0
燕山大学,行政管理,,2020,588,36206,不限,0,0
燕山大学,日语,,2020,583,40908,不限,0,0
燕山大学,法学,,2020,595,30752,不限,0,0
燕山大学,化学工程与工艺,,2020,589,35629,物/化,0,0
首都师范大学,电子信息工程,,2020,613,18381,物,0,0
首都师范大学,教育技术学,,2020,612,19284,不限,0,0
首都师范大学,中国语言文学类,,2020,617,16518,不限,0,0
首都师范大学,数学类,（数理实验班）,2020,621,14561,物,0,0
首都师范大学,公共管理类,,2020,612,19398,不限,0,0
首都师范大学,光电信息科学与工程,,2020,610,20172,物,0,0
首都师范大学,英语,,2020,617,16303,不限,0,0
南通大学,临床医学,,2020,598,28158,化、生,0,0
南通大学,高分子材料与工程,,2020,569,55998,物,0,0
南通大学,轻化工程,,2020,560,67378,物/化,0,0
南通大学,测控技术与仪器,,2020,566,59454,物,0,0
南通大学,建筑学,,2020,571,53283,物/化/生,0,0
南通大学,机械工程,,2020,570,55190,物,0,0
南通大学,护理学,,2020,572,52846,不限,0,0
南通大学,土木工程,,2020,572,52747,物,0,0
南通大学,工业设计,,2020,568,57397,物,0,0
南通大学,应用化学,,2020,570,55043,物/化,0,0
南通大学,纺织工程,,2020,561,65416,物/化,0,0
南通大学,物流管理,,2020,571,53438,不限,0,0
南通大学,翻译,,2020,574,49989,不限,0,0
南通大学,日语,,2020,575,49120,不限,0,0
南通大学,应用心理学,,2020,578,46230,不限,0,0
南通大学,药物制剂,,2020,572,52612,物/化/生,0,0
南通大学,行政管理,,2020,571,53947,不限,0,0
南通大学,汉语言文学,（师范）,2020,582,42504,不限,0,0
南通大学,交通设备与控制工程,,2020,561,65693,物/化,0,0
南通大学,秘书学,,2020,568,57733,不限,0,0
上海外国语大学,英语,,2020,651,4444,不限,0,1
上海外国语大学,法语,,2020,651,4338,不限,0,1
上海外国语大学,英语,（教育）,2020,649,4839,不限,0,1
上海外国语大学,国际经济与贸易,（日语）,2020,642,6459,不限,0,1
上海外国语大学,新闻传播学类,（卓越国际新闻传播人才计划）,2020,644,6040,不限,0,1
上海外国语大学,会计学,,2020,644,6055,不限,0,1
上海外国语大学,外交学,,2020,646,5431,不限,0,1
上海外国语大学,商务英语,,2020,647,5279,不限,0,1
上海外国语大学,法学,,2020,644,5958,不限,0,1
上海外国语大学,国际经济与贸易,,2020,641,6863,不限,0,1
上海外国语大学,工商管理类,（卓越管理人才计划）,2020,643,6201,不限,0,1
上海外国语大学,政治学与行政学,,2020,643,6314,不限,0,1
上海外国语大学,金融学,,2020,648,5090,不限,0,1
上海外国语大学,管理科学与工程类,（卓越管理人才计划）,2020,640,7240,物,0,1
上海外国语大学,汉语国际教育,,2020,643,6375,不限,0,1
上海外国语大学,数据科学与大数据技术,,2020,644,6004,物,0,1
复旦大学,工科试验班,（新工科本研贯通）,2020,684,294,物,1,1
复旦大学,法学,（卓越法律人才基地）,2020,680,509,不限,1,1
复旦大学,经济学类,,2020,684,319,物/化,1,1
复旦大学,软件工程,（国家示范性软件学院）,2020,684,315,物,1,1
复旦大学,经济管理试验班,,2020,683,328,物/化,1,1
复旦大学,数学类,（拔尖人才培养计划）,2020,686,232,物,1,1
复旦大学,新闻传播学类,（卓越新闻人才计划）,2020,679,527,不限,1,1
华东师范大学,软件工程,,2020,655,3503,物,1,1
华东师范大学,化学,,2020,653,3887,物/化,1,1
华东师范大学,英语,,2020,652,4220,不限,1,1
华东师范大学,历史学,,2020,652,4155,不限,1,1
华东师范大学,汉语言文学,,2020,654,3719,不限,1,1
华东师范大学,哲学,,2020,650,4546,不限,1,1
华东师范大学,法学,,2020,654,3667,不限,1,1
华东师范大学,数学类,,2020,657,3135,物,1,1
华东师范大学,新闻传播学类,,2020,651,4364,不限,1,1
华东师范大学,法语,,2020,651,4360,不限,1,1
华东师范大学,统计学类,,2020,656,3303,物/化,1,1
华东师范大学,心理学类,,2020,655,3492,物/化,1,1
华东师范大学,德语,,2020,648,5069,不限,1,1
华东师范大学,翻译,,2020,650,4529,不限,1,1
华东师范大学,日语,,2020,649,4859,不限,1,1
华东师范大学,金融学,（双学位）,2020,658,2873,不限,1,1
华东师范大学,教育学类,,2020,654,3759,不限,1,1
华东师范大学,工商管理类,,2020,654,3754,不限,1,1
华东师范大学,人文地理与城乡规划,,2020,650,4602,物/化,1,1
华东师范大学,通信工程,,2020,652,4162,物,1,1
上海大学,金融学,（中外合作办学）,2020,619,15216,不限,0,1
上海大学,材料科学与工程,（中外合作办学）,2020,607,21876,物,0,1
上海大学,电气类,（代表理学工学I类）,2020,628,11204,物,0,1
上海大学,信息工程,（中外合作办学）,2020,614,18153,物,0,1
上海大学,电影制作,,2020,620,14810,物,0,1
上海大学,经济学类,（代表经济管理类）,2020,637,8023,不限,0,1
上海大学,机械工程,（中外合作办学）,2020,603,24666,物,0,1
上海大学,理科试验班类,,2020,633,9463,物,0,1
上海大学,社会学类,（代表人文社科类）,2020,634,9005,不限,0,1
上海大学,信息管理与信息系统,（中外合作办学）,2020,609,20980,物,0,1
上海大学,国际经济与贸易,（中外合作办学）,2020,618,16011,不限,0,1
上海大学,工商管理,（中外合作办学）,2020,613,18418,不限,0,1
上海大学,材料类,（代表理学工学II类）,2020,628,11452,化,0,1
东华大学,功能材料,,2020,616,16908,化,0,1
东华大学,服装设计与工程,,2020,618,15817,物/化,0,1
东华大学,日语,,2020,615,17660,不限,0,1
东华大学,能源与环境系统工程,,2020,616,16813,物,0,1
东华大学,纺织类,,2020,616,16718,物/化,0,1
东华大学,物理学类,（光电与能源新技术）,2020,620,15102,物,0,1
东华大学,英语,,2020,617,16659,不限,0,1
东华大学,计算机类,,2020,625,12433,物,0,1
东华大学,新闻传播学类,,2020,620,15158,不限,0,1
东华大学,机械工程,,2020,617,16165,物,0,1
东华大学,智能制造工程,,2020,622,13854,物,0,1
东华大学,工业设计,,2020,620,14890,物,0,1
东华大学,经济与贸易类,,2020,624,13223,不限,0,1
东华大学,经济管理试验班,,2020,624,13070,不限,0,1
东华大学,电子信息类,,2020,621,14576,物,0,1
东华大学,材料类,,2020,616,16820,化,0,1
东华大学,理科试验班类,,2020,624,13036,物,0,1
东华大学,环境科学与工程类,,2020,621,14605,物/化/生,0,1
东华大学,数学类,（金融与统计）,2020,622,14130,物,0,1
东华大学,化学类,,2020,619,15241,物/化,0,1
北京工商大学,食品科学与工程,（中外合作办学）,2020,570,54777,物/化/生,0,0
北京工商大学,酿酒工程,,2020,578,45920,物/化,0,0
北京工商大学,经济学类,（经管类）,2020,601,25988,不限,0,0
北京工商大学,工商管理类,,2020,597,29194,不限,0,0
北京工商大学,应用化学,,2020,587,37202,物/化,0,0
北京工商大学,应用统计学,（中外合作办学）（风险与精算）,2020,571,53435,物,0,0
北京工商大学,物流管理与工程类,,2020,591,33516,不限,0,0
北京工商大学,电子信息类,（自动化与电气工程类）,2020,592,32858,物,0,0
北京工商大学,机械类,,2020,585,39101,物,0,0
北京工商大学,经济与贸易类,,2020,599,27735,不限,0,0
北京工商大学,材料类,,2020,584,40008,化,0,0
北京工商大学,计算机类,,2020,595,30197,物,0,0
北京工商大学,会计学,（智能会计）,2020,602,25450,不限,0,0
北京工商大学,大数据管理与应用,,2020,594,31204,物,0,0
华东理工大学,环境工程,,2020,621,14547,物/化,0,1
华东理工大学,能源与动力工程,,2020,626,12268,物/化,0,1
华东理工大学,化工与制药类,,2020,622,14021,物/化,0,1
华东理工大学,经济学类,,2020,631,10178,不限,0,1
华东理工大学,计算机科学与技术,（双学士学位）,2020,632,9645,物,0,1
华东理工大学,工科试验班,（生物医药）,2020,630,10590,物/化,0,1
华东理工大学,化学工程与工艺,（双学士学位）,2020,627,11823,物/化,0,1
华东理工大学,工业设计,,2020,623,13299,物,0,1
华东理工大学,生物工程类,,2020,621,14596,物/化,0,1
华东理工大学,生物工程,（中外合作办学）（中德合作）,2020,615,17276,物/化,0,1
华东理工大学,外国语言文学类,,2020,620,14863,不限,0,1
华东理工大学,物理学类,,2020,627,11884,物,0,1
华东理工大学,工商管理类,,2020,630,10470,不限,0,1
华东理工大学,材料类,,2020,621,14365,化,0,1
华东理工大学,风景园林,,2020,625,12415,物/化,0,1
华东理工大学,公共管理类,,2020,618,15703,不限,0,1
华东理工大学,数学类,,2020,630,10622,物,0,1
华东理工大学,管理科学与工程类,,2020,628,11483,物/化,0,1
华东理工大学,计算机类,,2020,631,10119,物,0,1
华东理工大学,机械类,,2020,623,13666,物,0,1
同济大学,社会科学试验班,,2020,664,1951,不限,1,1
同济大学,工科试验班,（信息类）,2020,670,1308,物,1,1
同济大学,经济管理试验班,,2020,669,1357,物,1,1
同济大学,工科试验班,（建筑规划景观与设计类）,2020,670,1219,物,1,1
同济大学,工科试验班,（智能化制造类）,2020,669,1359,物,1,1
同济大学,工科试验班,（土木与环境类）,2020,667,1631,物,1,1
同济大学,工科试验班,（智能交通与车辆类）,2020,667,1585,物,1,1
同济大学,人文科学试验班,,2020,661,2489,不限,1,1
上海交通大学,人工智能,（卓越人才试点班）,2020,685,260,物,1,1
上海交通大学,电子信息类,（IEEE试点班，含双学士学位项目）,2020,686,235,物,1,1
南京邮电大学,信息安全,,2020,617,16344,物,0,0
南京邮电大学,电子信息工程,,2020,615,17272,物,0,0
南京邮电大学,计算机科学与技术,,2020,620,14798,物,0,0
南京邮电大学,通信工程,,2020,620,15049,物,0,0
南京邮电大学,电子科学与技术,,2020,618,15771,物,0,0
南京邮电大学,电磁场与无线技术,,2020,613,18666,物,0,0
南京邮电大学,电气类,（电气自动化与智能电网）,2020,616,16778,物,0,0
南京邮电大学,网络工程,,2020,616,16900,物,0,0
南京邮电大学,自动化类,,2020,614,18317,物,0,0
南京邮电大学,公共管理类,（公共治理与社会管理）,2020,602,25565,不限,0,0
南京邮电大学,软件工程,,2020,615,17487,物,0,0
南京邮电大学,广播电视工程,,2020,611,19656,物,0,0
南京邮电大学,工商管理类,,2020,605,23529,不限,0,0
南京邮电大学,软件工程,（嵌入式培养）,2020,618,15910,物,0,0
南京邮电大学,经济学类,（金融与经济）,2020,610,20539,不限,0,0
南京邮电大学,材料物理,,2020,610,20407,物,0,0
南京邮电大学,物联网工程,,2020,619,15194,物,0,0
南京邮电大学,光电信息科学与工程,,2020,612,18848,物,0,0
南京邮电大学,应用物理学,,2020,612,19313,物,0,0
南京邮电大学,外国语言文学类,,2020,605,23497,不限,0,0
重庆大学,电气工程及其自动化,,2020,641,6746,物,1,1
重庆大学,建筑学,,2020,647,5170,物,1,1
重庆大学,航空航天类,,2020,636,8569,物,1,1
重庆大学,人文科学试验班,,2020,646,5539,不限,1,1
重庆大学,公共管理类,,2020,635,8813,不限,1,1
重庆大学,计算机类,（计算机与软件）,2020,639,7581,物,1,1
重庆大学,智能医学工程,,2020,632,9687,物/化,1,1
重庆大学,能源动力类,,2020,632,9738,物,1,1
重庆大学,生物医学工程类,（生物与药学）,2020,632,9621,物/化,1,1
重庆大学,新闻传播学类,,2020,637,8254,不限,1,1
重庆大学,电子信息类,,2020,636,8416,物,1,1
重庆大学,经济学类,,2020,644,6030,不限,1,1
重庆大学,法学类,,2020,639,7304,不限,1,1
重庆大学,人工智能,,2020,644,6034,物,1,1
重庆大学,数据科学与大数据技术,,2020,638,7690,物,1,1
重庆大学,城乡规划,,2020,640,7069,物,1,1
重庆大学,环境科学与工程类,,2020,630,10658,物/化,1,1
重庆大学,会计学,（ACCA方向）,2020,641,6835,物,1,1
重庆大学,外国语言文学类,,2020,635,8937,不限,1,1
重庆大学,管理科学与工程类,,2020,630,10509,物,1,1
西南大学,生物科学,,2020,621,14521,物/化/生,0,1
西南大学,物理学,,2020,615,17737,物,0,1
西南大学,思想政治教育,,2020,620,14923,政,0,1
西南大学,英语,,2020,626,12282,政/史/生,0,1
西南大学,药学,,2020,612,19333,物/化/生,0,1
西南大学,药学,（全英文创新实验班）,2020,611,20000,物/化/生,0,1
西南大学,电子信息类,,2020,617,16410,物,0,1
西南大学,植物生产类,,2020,603,24557,物/化/生,0,1
西南大学,中国语言文学类,,2020,623,13355,政/地/史,0,1
西南大学,经济学类,,2020,622,13890,化/地/史,0,1
西南大学,文化产业管理,,2020,616,16985,政/史,0,1
西南大学,智能科学与技术,,2020,617,16509,物,0,1
西南大学,法学,,2020,627,11742,政/史,0,1
西南大学,土木类,,2020,610,20199,物,0,1
西南大学,应用心理学,,2020,635,8743,物/化/生,0,1
西南大学,自动化,（中外合作办学）,2020,590,34183,物,0,1
西南大学,植物科学与技术,（中外合作办学）,2020,576,48344,物/化/生,0,1
西南大学,新闻学,,2020,619,15595,政/地/史,0,1
西南大学,纺织类,,2020,597,29259,物/化,0,1
西南大学,材料类,,2020,609,20789,物,0,1
南京工业大学,安全工程,,2020,598,28325,物,0,0
南京工业大学,计算机科学与技术,,2020,603,24786,物,0,0
南京工业大学,化学工程与工艺,,2020,602,25642,物/化/生,0,0
南京工业大学,新能源科学与工程,,2020,599,27436,物/化,0,0
南京工业大学,工业工程,,2020,591,33461,不限,0,0
南京工业大学,制药工程,（中外合作办学）,2020,573,52008,物/化/生,0,0
南京工业大学,药学类,,2020,595,30522,物/化/生,0,0
南京工业大学,电气工程及其自动化,,2020,600,26771,物,0,0
南京工业大学,土木类,,2020,594,31475,物,0,0
南京工业大学,制药工程,,2020,600,26918,物/化/生,0,0
南京工业大学,新能源材料与器件,,2020,596,29341,物,0,0
南京工业大学,数学与应用数学,,2020,597,28754,物,0,0
南京工业大学,自动化,,2020,600,26709,物,0,0
南京工业大学,食品科学与工程类,,2020,596,29458,物/化/生,0,0
南京工业大学,管理科学与工程类,,2020,595,30667,物,0,0
南京工业大学,德语,,2020,592,33162,不限,0,0
南京工业大学,环境科学与工程类,,2020,596,29919,物/化/生,0,0
南京工业大学,机械工程,（中外合作办学）,2020,581,43045,物,0,0
南京工业大学,电子信息工程,（中外合作办学）,2020,583,40535,物,0,0
南京工业大学,材料类,,2020,595,30489,物,0,0
太原理工大学,机械设计制造及其自动化,,2020,600,26427,物,0,1
太原理工大学,安全工程,,2020,599,27679,物,0,1
太原理工大学,材料成型及控制工程,,2020,596,29446,物、化,0,1
太原理工大学,化学工程与工艺,,2020,598,27937,物、化,0,1
太原理工大学,计算机科学与技术,,2020,607,22193,物,0,1
太原理工大学,机器人工程,（试验班）,2020,608,21518,物,0,1
太原理工大学,英语,,2020,601,25775,不限,0,1
太原理工大学,物联网工程,,2020,606,22455,物,0,1
太原理工大学,思想政治教育,,2020,601,26110,政,0,1
太原理工大学,工业设计,,2020,598,27970,物,0,1
太原理工大学,会计学,,2020,604,24091,不限,0,1
太原理工大学,地质工程,,2020,597,28578,物/化,0,1
太原理工大学,机器人工程,,2020,602,25554,物,0,1
太原理工大学,工程管理,,2020,597,29014,物,0,1
太原理工大学,工程力学,,2020,598,28406,物,0,1
太原理工大学,数据科学与大数据技术,,2020,604,23874,物,0,1
太原理工大学,材料科学与工程,（先进航空材料）,2020,599,27517,物、化,0,1
太原理工大学,材料科学与工程,,2020,598,28412,物、化,0,1
太原理工大学,物流管理,,2020,598,28245,不限,0,1
太原理工大学,国际经济与贸易,,2020,602,25280,不限,0,1
内蒙古大学,计算机科学与技术,,2020,598,28001,物,0,1
内蒙古大学,生物科学,,2020,588,35933,化、生,0,1
内蒙古大学,生态学,,2020,585,39100,物/化/生,0,1
内蒙古大学,应用化学,,2020,584,40080,化,0,1
内蒙古大学,生物技术,,2020,586,37848,化、生,0,1
内蒙古大学,物理学类,,2020,593,31936,物,0,1
内蒙古大学,园艺,,2020,573,51280,化、生,0,1
内蒙古大学,会计学,,2020,592,33082,不限,0,1
内蒙古大学,电子信息类,,2020,591,33535,物,0,1
内蒙古大学,信息管理与信息系统,,2020,590,34622,物,0,1
内蒙古大学,社会学,,2020,589,35623,史,0,1
内蒙古大学,工商管理,,2020,588,36501,不限,0,1
内蒙古大学,旅游管理,,2020,579,44941,不限,0,1
内蒙古大学,土地资源管理,,2020,583,41472,政/地,0,1
内蒙古大学,经济学,,2020,596,29602,不限,0,1
内蒙古大学,环境科学,,2020,584,39665,物/化/生,0,1
内蒙古大学,俄语,,2020,586,38401,不限,0,1
内蒙古大学,英语,,2020,593,32524,不限,0,1
内蒙古大学,日语,,2020,585,39198,不限,0,1
内蒙古大学,汉语国际教育,,2020,589,35448,不限,0,1
大连理工大学,过程装备与控制工程,,2020,630,10384,物,1,1
大连理工大学,生物工程,,2020,631,10263,化,1,1
大连理工大学,机械设计制造及其自动化,,2020,638,7815,物,1,1
大连理工大学,软件工程,,2020,634,9261,物,1,1
大连理工大学,工程力学,,2020,636,8418,物,1,1
大连理工大学,船舶与海洋工程,,2020,633,9361,物,1,1
大连理工大学,电子信息类,（创新班）,2020,650,4597,物,1,1
大连理工大学,机械设计制造及其自动化,（中外合作办学）,2020,602,25481,物,1,1
大连理工大学,机械设计制造及其自动化,（日语强化）,2020,637,8008,物,1,1
大连理工大学,计算机类,（中外合作办学）,2020,604,23763,物,1,1
大连理工大学,应用物理学,（中外合作办学）,2020,604,24011,物,1,1
大连理工大学,土木类,,2020,630,10755,物,1,1
大连理工大学,工程力学,（钱令希力学创新班）,2020,636,8356,物,1,1
大连理工大学,电子科学与技术,,2020,640,7130,物,1,1
大连理工大学,数学类,,2020,639,7489,物,1,1
大连理工大学,车辆工程,（英语强化）,2020,634,9237,物,1,1
大连理工大学,化工与制药类,（创新班）,2020,639,7412,化,1,1
大连理工大学,英语,,2020,625,12801,不限,1,1
大连理工大学,应用物理学,（王大珩物理基础科学班）,2020,638,7658,物,1,1
大连理工大学,机械设计制造及其自动化,（创新班）,2020,651,4408,物,1,1
广州大学,统计学,,2020,588,36260,物/化/生,0,0
广州大学,法学,,2020,598,28460,不限,0,0
广州大学,国际经济与贸易,,2020,589,35650,不限,0,0
广州大学,电子信息工程,,2020,590,34908,物,0,0
广州大学,广播电视学,,2020,587,37592,不限,0,0
广州大学,会计学,,2020,592,33165,不限,0,0
广州大学,物联网工程,,2020,589,35403,物,0,0
广州大学,土木类,,2020,584,39898,物,0,0
广州大学,行政管理,,2020,582,41738,不限,0,0
广州大学,应用心理学,,2020,589,35508,不限,0,0
广州大学,化学工程与工艺,,2020,582,41963,物/化/生,0,0
辽宁大学,汉语国际教育,,2020,608,21845,不限,0,1
辽宁大学,日语,,2020,602,25673,不限,0,1
辽宁大学,金融学类,（金融学、保险学）,2020,609,21254,不限,0,1
辽宁大学,电子信息类,（电子信息科学与技术、通信工程）,2020,604,24354,物,0,1
辽宁大学,生物技术,,2020,601,26371,物/化/生,0,1
辽宁大学,制药工程,,2020,604,24354,物/化/生,0,1
辽宁大学,汉语言文学,,2020,609,21254,不限,0,1
辽宁大学,物理学类,（物理学、应用物理学）,2020,601,26371,物,0,1
辽宁大学,化学类,（化学、应用化学）,2020,602,25673,物/化,0,1
辽宁大学,国际政治,,2020,602,25673,不限,0,1
辽宁大学,市场营销,（中外合作办学）（新华国际商学院）,2020,579,45603,不限,0,1
辽宁大学,编辑出版学,,2020,608,21845,不限,0,1
辽宁大学,会计学,（中外合作办学）（新华国际商学院）,2020,598,28550,不限,0,1
辽宁大学,法语,,2020,601,26371,不限,0,1
辽宁大学,经济学类,（经济学、经济统计学、国民经济管理）,2020,608,21845,不限,0,1
辽宁大学,数学与应用数学,,2020,603,24984,物,0,1
辽宁大学,朝鲜语,,2020,599,27808,不限,0,1
辽宁大学,工商管理,（中外合作办学）（新华国际商学院）,2020,586,38627,不限,0,1
辽宁大学,英语,,2020,608,21845,不限,0,1
辽宁大学,新闻学,,2020,608,21845,不限,0,1
大连海事大学,电气工程及其自动化,,2020,602,25064,物,0,1
大连海事大学,电子信息工程,,2020,604,24057,物,0,1
大连海事大学,法学,,2020,611,19922,史,0,1
大连海事大学,交通运输,,2020,603,24820,物,0,1
大连海事大学,海事管理,,2020,606,22421,不限,0,1
大连海事大学,安全工程,,2020,600,26659,物,0,1
大连海事大学,计算机科学与技术,,2020,608,21301,物,0,1
大连海事大学,交通管理,,2020,601,25758,物/政,0,1
大连海事大学,电子信息工程,（中外合作办学）,2020,583,40867,物,0,1
大连海事大学,机械设计制造及其自动化,,2020,599,27186,物,0,1
大连海事大学,金融工程,,2020,607,21864,不限,0,1
大连海事大学,轮机工程,（陆上专业）,2020,599,27086,物/化,0,1
大连海事大学,船舶与海洋工程,,2020,599,27214,物,0,1
大连海事大学,英语,,2020,605,23150,不限,0,1
大连海事大学,材料科学与工程,,2020,600,26956,物,0,1
大连海事大学,电子信息科学与技术,,2020,606,22822,物,0,1
大连海事大学,智能科学与技术,,2020,606,22631,物,0,1
大连海事大学,物联网工程,,2020,604,23911,物,0,1
大连海事大学,机械设计制造及其自动化,（中外合作办学）,2020,582,42236,物,0,1
大连海事大学,通信工程,,2020,602,25020,物,0,1
吉林大学,朝鲜语,,2020,623,13531,不限,1,1
吉林大学,考古学,,2020,632,9941,地/史,1,1
吉林大学,动物医学,,2020,610,20398,物/化/生,1,1
吉林大学,车辆工程,,2020,636,8344,物、化,1,1
吉林大学,政治学与行政学,,2020,630,10654,不限,1,1
吉林大学,哲学,,2020,633,9581,政,1,1
吉林大学,法学,,2020,643,6377,不限,1,1
吉林大学,勘查技术与工程,,2020,616,16864,物、化,1,1
吉林大学,自动化类,,2020,630,10684,物,1,1
吉林大学,材料类,,2020,623,13356,物、化,1,1
吉林大学,临床医学,（5+3一体化（三院））,2020,644,6125,化、生,1,1
吉林大学,临床医学,（一院）,2020,644,5964,化、生,1,1
吉林大学,社会学类,,2020,627,11980,政、史,1,1
吉林大学,仪器类,,2020,625,12618,物,1,1
吉林大学,能源与动力工程,,2020,625,12494,物、化,1,1
吉林大学,新闻传播学类,,2020,630,10486,不限,1,1
吉林大学,临床医学,（三院）,2020,641,6891,化、生,1,1
吉林大学,物理学类,,2020,636,8401,物,1,1
吉林大学,工业设计,,2020,625,12796,物、化,1,1
吉林大学,档案学,,2020,623,13410,不限,1,1
东北师范大学,心理学,,2020,617,16568,物/化/生,0,1
东北师范大学,历史学,,2020,618,15891,地、史,0,1
东北师范大学,英语,,2020,636,8603,物/地/史,0,1
东北师范大学,汉语言文学,,2020,625,12809,史,0,1
东北师范大学,生物科学类,,2020,617,16275,化/生,0,1
东北师范大学,俄语,,2020,606,23017,物/地/史,0,1
东北师范大学,政治学类,,2020,617,16685,政、史,0,1
东北师范大学,物理学类,,2020,618,15658,物,0,1
东北师范大学,地理科学类,,2020,617,16330,物/化/地,0,1
东北师范大学,广播电视编导,,2020,576,48565,不限,0,1
东北师范大学,计算机科学与技术,,2020,612,19377,物,0,1
东北师范大学,教育学类,,2020,616,17076,物/史,0,1
东北师范大学,新闻传播学类,,2020,612,19159,史,0,1
东北师范大学,数字媒体技术,,2020,607,22096,物,0,1
东北师范大学,计算机科学与技术,（中外合作办学）,2020,587,37010,物、化,0,1
东北师范大学,经济学类,,2020,611,19440,不限,0,1
东北师范大学,智能科学与技术,,2020,609,20653,物、化,0,1
东北师范大学,日语,,2020,609,21118,物/地/史,0,1
东北师范大学,数学类,,2020,623,13495,物,0,1
东北师范大学,教育技术学,,2020,609,20749,物,0,1
延边大学,临床医学,,2020,602,25190,物、化,0,1
延边大学,朝鲜语,,2020,595,30797,不限,0,1
延边大学,机械类,,2020,592,32549,物,0,1
延边大学,电子信息类,,2020,600,26506,物,0,1
延边大学,物理学,,2020,589,35604,物,0,1
延边大学,通信工程,（中外合作办学）,2020,574,50605,物,0,1
延边大学,高分子材料与工程,,2020,590,34377,化,0,1
延边大学,药学类,,2020,591,33390,物、化,0,1
延边大学,日语,,2020,587,37610,不限,0,1
延边大学,法学,,2020,597,29099,不限,0,1
延边大学,食品科学与工程,,2020,587,37028,物/化/生,0,1
延边大学,俄语,,2020,587,37427,不限,0,1
延边大学,化学类,,2020,587,37274,物/化,0,1
延边大学,预防医学,,2020,589,35086,物、化,0,1
延边大学,信息管理与信息系统,,2020,585,38676,物,0,1
延边大学,中医学,,2020,592,33274,物/化/生,0,1
延边大学,英语,,2020,597,29205,不限,0,1
延边大学,工商管理类,,2020,587,36876,不限,0,1
延边大学,中国语言文学类,,2020,592,33072,不限,0,1
延边大学,经济学类,,2020,590,34752,不限,0,1
哈尔滨工业大学,工科试验班,（英才本硕博连读）,2020,671,1182,物,1,1
哈尔滨工业大学,工科试验班,（智能装备）,2020,654,3654,物,1,1
哈尔滨工业大学,工科试验班,（计算机与电子通信）,2020,659,2755,物,1,1
哈尔滨工业大学,工科试验班,（航天与自动化）,2020,658,2963,物,1,1
汕头大学,机械设计制造及其自动化,,2020,593,31954,物,0,0
汕头大学,土木工程,,2020,587,37312,物,0,0
汕头大学,临床医学,,2020,605,23475,化、生,0,0
汕头大学,工商管理,,2020,591,34132,不限,0,0
汕头大学,法学,,2020,600,26550,不限,0,0
汕头大学,应用化学,,2020,587,36756,物/化,0,0
汕头大学,临床医学,（5+3一体化）,2020,622,13808,化、生,0,0
汕头大学,网络与新媒体,,2020,588,36554,物/化/生,0,0
汕头大学,生物技术,,2020,585,38827,物/化/生,0,0
汕头大学,生物医学工程,,2020,593,32505,物/化/生,0,0
汕头大学,汉语言文学,,2020,596,29960,不限,0,0
汕头大学,临床医学,（全英预备班，5+3一体化）,2020,609,21185,化、生,0,0
汕头大学,法学,（涉外法务英语特色班）,2020,600,26605,不限,0,0
汕头大学,数据科学与大数据技术,,2020,596,29892,物,0,0
汕头大学,英语,,2020,595,30762,不限,0,0
汕头大学,光电信息科学与工程,,2020,592,32815,物,0,0
东北农业大学,计算机科学与技术,,2020,596,29647,物,0,1
东北农业大学,动物医学,,2020,589,35569,物/化/生,0,1
东北农业大学,动物科学,,2020,585,38880,物/化/生,0,1
东北农业大学,农学,,2020,590,34636,物/化/生,0,1
东北农业大学,园艺,,2020,583,41051,物/化/生,0,1
东北农业大学,金融学类,,2020,594,31250,不限,0,1
东北农业大学,应用化学,,2020,590,34715,化,0,1
东北农业大学,食品科学与工程,（本硕博班）,2020,595,30279,物/化/生,0,1
东北农业大学,土地资源管理,,2020,588,36411,不限,0,1
东北农业大学,自然保护与环境生态类,,2020,582,41905,化,0,1
东北农业大学,生物科学类,,2020,591,33988,物/化/生,0,1
东北农业大学,园艺,（本硕博班）,2020,591,33513,物/化/生,0,1
东北农业大学,植物保护,,2020,585,38922,物/化/生,0,1
东北农业大学,机械类,,2020,589,35075,物,0,1
东北农业大学,软件工程,,2020,595,30456,物,0,1
东北农业大学,工商管理,（中美121双学位项目）,2020,572,52775,不限,0,1
东北农业大学,电气工程及其自动化,,2020,595,30477,物,0,1
东北农业大学,生物科学,（中美121双学位项目）,2020,569,55553,物/化/生,0,1
东北农业大学,水利类,,2020,587,36880,物,0,1
东北农业大学,法学类,,2020,599,27682,不限,0,1
东北林业大学,野生动物与自然保护区管理,,2020,588,36522,物/化/生,0,1
东北林业大学,森林工程,,2020,590,34840,物/化,0,1
东北林业大学,生态学,,2020,590,34432,物/化/生,0,1
东北林业大学,林产化工,,2020,587,37268,物/化,0,1
东北林业大学,木材科学与工程,,2020,585,38971,物/化,0,1
东北林业大学,园林,,2020,593,31909,物/化/生,0,1
东北林业大学,包装工程,,2020,584,39961,物/化,0,1
东北林业大学,地理信息科学,,2020,594,31597,物/化,0,1
东北林业大学,环境科学,,2020,592,33280,物/化/生,0,1
东北林业大学,法学,,2020,602,25464,不限,0,1
东北林业大学,生物科学类,,2020,593,31788,物/化/生,0,1
东北林业大学,生物技术,（中外合作办学）,2020,567,58158,物/化/生,0,1
东北林业大学,交通运输类,,2020,591,33689,物,0,1
东北林业大学,英语,,2020,597,29268,不限,0,1
东北林业大学,化学类,,2020,591,33628,物/化,0,1
东北林业大学,日语,,2020,592,33264,不限,0,1
东北林业大学,工程管理,（中外合作办学）,2020,559,68408,物,0,1
东北林业大学,林学类,（成栋实验班）,2020,594,31388,物/化/生,0,1
东北林业大学,生物科学,（拔尖人才成栋班）,2020,598,28432,物/化/生,0,1
东北林业大学,材料类,,2020,592,32590,化,0,1
南京大学,计算机科学与技术,,2020,679,548,物,1,1
南京大学,汉语言文学,,2020,673,925,不限,1,1
南京大学,软件工程,,2020,677,699,物,1,1
南京大学,理科试验班,（数理科学类）,2020,677,675,物,1,1
南京大学,人工智能,,2020,680,493,物,1,1
南京大学,社会科学试验班,,2020,674,915,不限,1,1
南京大学,理科试验班,（匡亚明学院大理科班）,2020,680,478,物,1,1
南京大学,电子信息类,,2020,677,677,物,1,1
南京大学,理科试验班类,（化学与生命科学类）,2020,676,735,物/化,1,1
南京大学,经济管理试验班,,2020,675,818,不限,1,1
南京大学,外国语言文学类,,2020,673,942,不限,1,1
东南大学,临床医学,（5+3一体化培养）,2020,658,2944,化、生,1,1
东南大学,计算机类,,2020,662,2297,物,1,1
东南大学,工科试验班,（吴健雄班）,2020,667,1686,物,1,1
东南大学,工科试验班,（土木交通类）,2020,654,3756,物,1,1
东南大学,文科试验班类,,2020,651,4424,不限,1,1
东南大学,建筑类,,2020,664,1974,物/地/史,1,1
东南大学,经济学类,,2020,654,3805,不限,1,1
东南大学,工科试验班,（机械能源材料类）,2020,653,3989,物,1,1
东南大学,电子信息类,,2020,660,2520,物,1,1
东南大学,工科试验班,（自动化电气测控类）,2020,657,3101,物,1,1
苏州大学,物理学,,2020,627,11645,物,0,1
苏州大学,放射医学,,2020,634,9126,化、生,0,1
苏州大学,化学类,,2020,624,12948,化,0,1
苏州大学,城市管理,,2020,624,12965,不限,0,1
苏州大学,中国语言文学类,,2020,632,9977,不限,0,1
苏州大学,金属材料工程,,2020,620,14785,化,0,1
苏州大学,风景园林,,2020,623,13697,物/化/生,0,1
苏州大学,建筑学,,2020,623,13436,物/化/生,0,1
苏州大学,纳米材料与技术,,2020,622,13873,化,0,1
苏州大学,轻化工程,,2020,618,16159,化,0,1
苏州大学,生物技术,,2020,629,10824,物/化/生,0,1
苏州大学,教育学,（师范）,2020,625,12810,不限,0,1
苏州大学,纺织工程,（中外合作办学）,2020,592,32629,化,0,1
苏州大学,法语,,2020,625,12692,不限,0,1
苏州大学,数学类,,2020,630,10413,物,0,1
苏州大学,旅游管理,,2020,625,12492,不限,0,1
苏州大学,计算机科学与技术,,2020,631,10339,物,0,1
苏州大学,临床医学,,2020,641,6946,化、生,0,1
苏州大学,人工智能,,2020,636,8578,物,0,1
苏州大学,新闻传播学类,,2020,632,9881,不限,0,1
南京师范大学,法学,,2020,629,11082,不限,0,1
南京师范大学,教育技术学,（师范）,2020,618,15761,物/化/生,0,1
南京师范大学,工商管理类,,2020,622,14048,不限,0,1
南京师范大学,人工智能,,2020,621,14217,物,0,1
南京师范大学,食品科学与工程,,2020,614,17844,物/化/生,0,1
南京师范大学,应用心理学,,2020,621,14491,不限,0,1
南京师范大学,化学类,,2020,623,13497,物/化,0,1
南京师范大学,环境科学与工程类,,2020,617,16245,物/化/生,0,1
南京师范大学,教育学,（师范）,2020,624,12874,不限,0,1
南京师范大学,生物科学类,,2020,626,12044,物/化/生,0,1
南京师范大学,哲学,,2020,627,11921,不限,0,1
南京师范大学,中国语言文学类,,2020,633,9575,不限,0,1
南京师范大学,数学类,,2020,629,10953,物,0,1
南京师范大学,新闻传播学类,,2020,625,12577,不限,0,1
南京师范大学,外国语言文学类,（双外语）,2020,632,9982,不限,0,1
南京师范大学,英语,（师范）,2020,641,6986,不限,0,1
南京师范大学,地理科学类,,2020,625,12605,物/化/地,0,1
南京师范大学,历史学类,,2020,629,11126,地/史,0,1
南京师范大学,电气工程及其自动化,,2020,620,14983,物,0,1
南京师范大学,海洋资源与环境,,2020,609,21062,物/化/生,0,1
河海大学,水文与水资源工程,,2020,622,14046,物,0,1
河海大学,农业水利工程,,2020,616,17176,物/化,0,1
河海大学,港口航道与海岸工程,,2020,618,15745,物,0,1
河海大学,水利水电工程,,2020,626,12304,物,0,1
河海大学,电气工程及其自动化,,2020,623,13669,物,0,1
河海大学,土木工程,,2020,616,16890,物,0,1
河海大学,工程力学,,2020,618,15728,物,0,1
河海大学,计算机科学与技术,,2020,626,12278,物,0,1
河海大学,通信工程,,2020,621,14230,物,0,1
河海大学,新能源科学与工程,,2020,623,13343,物/化,0,1
河海大学,环境工程,,2020,619,15631,物/化,0,1
河海大学,软件工程,,2020,622,13942,物,0,1
河海大学,通信工程,（常州校区）,2020,617,16602,物,0,1
河海大学,会计学,,2020,621,14539,不限,0,1
河海大学,环境生态工程,,2020,616,16822,物/化,0,1
河海大学,土地整治工程,,2020,609,20970,物/化,0,1
河海大学,给排水科学与工程,,2020,620,15133,物,0,1
河海大学,劳动与社会保障,,2020,614,18186,不限,0,1
河海大学,应用物理学,,2020,619,15447,物,0,1
河海大学,广播电视学,,2020,616,17070,不限,0,1
南京理工大学,电子信息类,,2020,631,10094,物,0,1
南京理工大学,法学,,2020,623,13618,不限,0,1
南京理工大学,自动化类,,2020,630,10451,物,0,1
南京理工大学,信息管理与信息系统,,2020,623,13448,物,0,1
南京理工大学,工业设计,（中外合作办学）,2020,599,27417,物,0,1
南京理工大学,英语,,2020,616,17106,不限,0,1
南京理工大学,新能源科学与工程,,2020,620,14692,物,0,1
南京理工大学,网络空间安全,,2020,626,12060,物,0,1
南京理工大学,化工与制药类,,2020,624,13248,化,0,1
南京理工大学,数学类,,2020,628,11166,物,0,1
南京理工大学,兵器类,,2020,627,11827,物,0,1
南京理工大学,材料类,,2020,625,12417,物,0,1
南京理工大学,材料科学与工程,（中外合作办学）,2020,595,30433,物,0,1
南京理工大学,计算机类,,2020,633,9466,物,0,1
南京理工大学,探测制导与控制技术,,2020,627,11834,物,0,1
南京理工大学,工商管理类,,2020,624,12837,不限,0,1
南京理工大学,智能制造工程,,2020,621,14314,物,0,1
南京理工大学,经济学类,,2020,625,12670,不限,0,1
南京理工大学,日语,,2020,609,21155,不限,0,1
南京理工大学,公共事业管理,,2020,612,18974,不限,0,1
江南大学,食品科学与工程,,2020,612,19233,物、化、生,0,1
江南大学,物联网工程,,2020,617,16567,物,0,1
江南大学,生物工程,,2020,613,18685,化,0,1
江南大学,高分子材料与工程,,2020,611,19709,化,0,1
江南大学,服装设计与工程,,2020,606,22848,物/化,0,1
江南大学,制药工程,,2020,610,20320,物/化/生,0,1
江南大学,自动化,,2020,613,18481,物,0,1
江南大学,计算机科学与技术,,2020,616,17197,物,0,1
江南大学,化学工程与工艺,,2020,609,21005,物/化/生,0,1
江南大学,工业设计,,2020,620,15012,物,0,1
江南大学,生物技术,,2020,611,19675,化,0,1
江南大学,纺织工程,,2020,603,24695,物/化,0,1
江南大学,环境工程,,2020,613,18629,化/生,0,1
江南大学,过程装备与控制工程,,2020,603,24809,物,0,1
江南大学,食品质量与安全,,2020,611,19556,物、化、生,0,1
江南大学,日语,,2020,610,20617,不限,0,1
江南大学,机械电子工程,,2020,610,20279,物,0,1
江南大学,数字媒体技术,,2020,613,18360,物,0,1
江南大学,工商管理,,2020,613,18424,不限,0,1
江南大学,酿酒工程,,2020,608,21468,化,0,1
南京农业大学,植物保护,,2020,605,23098,物/化/生,0,1
南京农业大学,农学,,2020,606,23022,物/化/生,0,1
南京农业大学,农林经济管理,,2020,611,19910,不限,0,1
南京农业大学,会计学,,2020,610,20110,不限,0,1
南京农业大学,生物科学,（生物学基地班）,2020,610,20080,物/化/生,0,1
南京农业大学,动物医学类,,2020,602,25236,物/化/生,0,1
南京农业大学,统计学,,2020,608,21394,物/化/生,0,1
南京农业大学,工商管理类,,2020,607,22411,不限,0,1
南京农业大学,人文地理与城乡规划,,2020,606,22775,物/化/地,0,1
南京农业大学,公共管理类,,2020,607,22306,不限,0,1
南京农业大学,英语,,2020,607,22097,不限,0,1
南京农业大学,金融学,,2020,611,19500,不限,0,1
南京农业大学,电子信息类,,2020,604,24129,物,0,1
南京农业大学,国际经济与贸易,,2020,607,22229,不限,0,1
南京农业大学,生物技术,（生命科学与技术基地班）,2020,608,21796,物/化/生,0,1
南京农业大学,信息与计算科学,,2020,606,22637,物,0,1
南京农业大学,社会学类,,2020,607,22180,不限,0,1
南京农业大学,环境科学与工程类,,2020,603,24586,物/化/生,0,1
南京农业大学,机械类,,2020,601,26255,物,0,1
南京农业大学,植物生产类,,2020,602,25622,物/化/生,0,1
南京航空航天大学,工程力学,,2020,631,10335,物,0,1
南京航空航天大学,电气工程及其自动化,,2020,632,9623,物,0,1
南京航空航天大学,建筑环境与能源应用工程,,2020,625,12552,物,0,1
南京航空航天大学,信息安全,,2020,630,10427,物,0,1
南京航空航天大学,英语,（民航业务、国际贸易）,2020,622,14194,不限,0,1
南京航空航天大学,航空航天类,,2020,631,10194,物,0,1
南京航空航天大学,交通运输,（民航电子电气工程）,2020,627,11788,物,0,1
南京航空航天大学,光电信息科学与工程,,2020,630,10394,物,0,1
南京航空航天大学,应用化学,,2020,626,12012,物/化,0,1
南京航空航天大学,管理科学与工程类,,2020,625,12559,物,0,1
南京航空航天大学,工商管理类,,2020,628,11381,物/地/史,0,1
南京航空航天大学,能源与动力工程,,2020,629,10901,物,0,1
南京航空航天大学,机器人工程,,2020,631,10330,物,0,1
南京航空航天大学,人工智能,,2020,634,9079,物,0,1
南京航空航天大学,应用统计学,,2020,629,10875,物,0,1
南京航空航天大学,物联网工程,,2020,632,9935,物,0,1
南京航空航天大学,机械工程,,2020,626,12277,物,0,1
南京航空航天大学,土木工程,,2020,623,13663,物,0,1
南京航空航天大学,交通运输,（中外合作办学）（机场运行与管理）,2020,599,27451,物,0,1
南京航空航天大学,交通运输,（民航运输管理）,2020,627,11936,物,0,1
浙江大学,工科试验班,（机械与材料）,2020,685,276,物,1,1
浙江大学,人文科学试验班,,2020,673,986,地/史,1,1
浙江大学,社会科学试验班,,2020,675,831,不限,1,1
浙江大学,工科试验班,（信息）,2020,680,465,物,1,1
浙江大学,理科试验班类,,2020,679,532,物,1,1
浙江大学,医学试验班,,2020,683,351,物、化,1,1
浙江大学,社会科学试验班,（竺可桢学院人文社科实验班、智能财务班）,2020,680,512,不限,1,1
浙江大学,工科试验班,（竺可桢学院图灵班）,2020,686,251,物,1,1
浙江大学,工科试验班,（电气与自动化）,2020,680,475,物,1,1
浙江大学,机器人工程,（竺可桢学院）,2020,684,309,物,1,1
中国科学技术大学,理科试验班类,,2020,679,579,物,1,1
安徽大学,电子信息工程,,2020,610,20283,物,0,1
安徽大学,英语,,2020,620,15160,不限,0,1
安徽大学,电子信息类,,2020,609,21022,物,0,1
安徽大学,工商管理类,,2020,606,22918,不限,0,1
安徽大学,数字媒体技术,（中外合作办学）,2020,581,43056,物,0,1
安徽大学,自动化类,,2020,607,22122,物,0,1
安徽大学,中国语言文学类,,2020,612,19369,不限,0,1
安徽大学,数学类,,2020,609,20755,物,0,1
安徽大学,应用物理学,（中外合作办学）,2020,579,44784,物,0,1
安徽大学,经济统计学,,2020,608,21467,物/化/生,0,1
安徽大学,经济学类,,2020,611,19813,不限,0,1
安徽大学,会计学,,2020,610,20201,不限,0,1
安徽大学,历史学类,,2020,611,20032,地/史,0,1
安徽大学,应用统计学,（中外合作办学）,2020,576,47816,物,0,1
安徽大学,信息安全,,2020,610,20514,物,0,1
安徽大学,法学类,,2020,620,15010,不限,0,1
安徽大学,新闻传播学类,,2020,610,20101,不限,0,1
安徽大学,计算机类,,2020,609,20911,物,0,1
合肥工业大学,车辆工程,,2020,611,19840,物,0,1
合肥工业大学,材料成型及控制工程,,2020,602,25489,物,0,1
合肥工业大学,信息管理与信息系统,,2020,613,18595,物,0,1
合肥工业大学,建筑学,,2020,616,17023,物/化/生,0,1
合肥工业大学,电气工程及其自动化,,2020,616,16787,物,0,1
合肥工业大学,材料物理,,2020,602,25290,物,0,1
合肥工业大学,交通工程,,2020,607,22221,物/化,0,1
合肥工业大学,经济学,,2020,608,21475,不限,0,1
合肥工业大学,自动化,,2020,613,18564,物,0,1
合肥工业大学,会计学,,2020,609,20682,不限,0,1
合肥工业大学,地理信息科学,,2020,609,21224,物/化/生,0,1
合肥工业大学,应用物理学,,2020,607,22396,物,0,1
合肥工业大学,信息安全,,2020,618,16075,物,0,1
合肥工业大学,通信工程,,2020,613,18807,物,0,1
合肥工业大学,微电子科学与工程,,2020,611,19438,物,0,1
合肥工业大学,应用化学,,2020,603,24556,物/化,0,1
合肥工业大学,机器人工程,,2020,612,19193,物,0,1
合肥工业大学,工业工程,,2020,603,24472,物/化/生,0,1
合肥工业大学,集成电路设计与集成系统,,2020,610,20466,物,0,1
合肥工业大学,工业设计,,2020,607,21854,物,0,1
厦门大学,材料类,,2020,647,5268,物、化,1,1
厦门大学,海洋科学类,,2020,648,5115,物/化/生,1,1
厦门大学,工科试验班,,2020,647,5267,物、化,1,1
厦门大学,物理学,（厦门大学马来西亚分校招生专业）,2020,577,47347,物,1,1
厦门大学,会计学,（含会计、财务）,2020,656,3388,不限,1,1
厦门大学,新能源科学与工程,（厦门大学马来西亚分校招生专业）,2020,589,35642,物/化,1,1
厦门大学,数字媒体技术,（厦门大学马来西亚分校招生专业）,2020,580,44232,物,1,1
厦门大学,数学与应用数学,（厦门大学马来西亚分校招生专业）,2020,581,42563,物,1,1
厦门大学,化学工程与工艺,（厦门大学马来西亚分校招生专业）,2020,635,8782,物、化,1,1
厦门大学,物理学类,,2020,651,4269,物,1,1
厦门大学,经济学类,,2020,654,3657,不限,1,1
厦门大学,电子信息工程,（厦门大学马来西亚分校招生专业）,2020,587,37526,物,1,1
厦门大学,管理科学与工程类,,2020,648,4979,物,1,1
厦门大学,化学工程与工艺,,2020,647,5241,物、化,1,1
厦门大学,土木类,,2020,646,5561,物,1,1
厦门大学,电子信息类,,2020,649,4789,物,1,1
厦门大学,海洋科学,（厦门大学马来西亚分校招生专业）,2020,583,41273,物/化/生,1,1
厦门大学,政治学类,,2020,653,4002,政/史,1,1
厦门大学,人工智能,（厦门大学马来西亚分校招生专业）,2020,581,43294,物,1,1
厦门大学,药学,,2020,646,5381,化/生,1,1
福州大学,资源勘查工程,,2020,595,30643,物/化,0,1
福州大学,土木工程,,2020,607,22025,物、化,0,1
福州大学,机械设计制造及其自动化,,2020,608,21761,物,0,1
福州大学,电气工程及其自动化,,2020,613,18783,物,0,1
福州大学,软件工程,,2020,614,17966,物,0,1
福州大学,集成电路设计与集成系统,,2020,610,20257,物,0,1
福州大学,化学,,2020,609,20707,物、化,0,1
福州大学,生物工程,,2020,607,22022,化/生,0,1
福州大学,自动化,（中外合作办学）,2020,584,40400,物,0,1
福州大学,高分子材料与工程,,2020,608,21469,化,0,1
福州大学,数字媒体技术,（中外合作办学）,2020,587,37432,物,0,1
福州大学,金融学,,2020,611,19579,物/地,0,1
福州大学,法学,,2020,614,18171,不限,0,1
福州大学,财务管理,,2020,611,19852,不限,0,1
福州大学,数学类,,2020,614,17949,物,0,1
福州大学,经济统计学,,2020,610,20171,不限,0,1
福州大学,软件工程,（中外合作办学）,2020,591,33845,物,0,1
福州大学,电子信息工程,（中外合作办学）,2020,586,38218,物,0,1
福州大学,人工智能,,2020,611,19957,物,0,1
南昌大学,材料成型及控制工程,,2020,599,27537,物、化,0,1
南昌大学,工商管理,,2020,608,21675,不限,0,1
南昌大学,土木类,,2020,600,27035,物,0,1
南昌大学,过程装备与控制工程,,2020,598,28351,物,0,1
南昌大学,食品科学与工程类,,2020,599,27249,物、化,0,1
南昌大学,车辆工程,,2020,603,24684,物、化,0,1
南昌大学,西班牙语,,2020,609,21252,不限,0,1
南昌大学,给排水科学与工程,,2020,597,29067,物,0,1
南昌大学,智能医学工程,,2020,602,25155,物、生,0,1
南昌大学,临床医学类,（中外合作办学）（中英双学位合作办学）,2020,582,41786,化、生,0,1
南昌大学,公共管理类,,2020,605,23630,不限,0,1
南昌大学,水产养殖学,,2020,598,28117,物/化/生,0,1
南昌大学,机械设计制造及其自动化,,2020,602,25588,物、化,0,1
南昌大学,康复治疗学,,2020,603,24719,物/化/生,0,1
南昌大学,计算机类,（计算机与大数据）,2020,616,16760,物,0,1
南昌大学,日语,,2020,601,26323,不限,0,1
南昌大学,工商管理,（中法实验班）,2020,599,27235,不限,0,1
南昌大学,哲学,,2020,608,21739,不限,0,1
南昌大学,生态学,,2020,602,25300,物/化/生,0,1
南昌大学,化工与制药类,,2020,601,26089,化,0,1
山东大学,电气工程及其自动化,,2020,639,7408,物,1,1
山东大学,物理学类,,2020,642,6482,物,1,1
山东大学,管理科学与工程类,,2020,632,9925,物,1,1
山东大学,新闻传播学类,,2020,637,8275,不限,1,1
山东大学,化学类,,2020,637,8119,物、化,1,1
山东大学,药学类,,2020,634,9089,物/化/生,1,1
山东大学,建筑学,（五年制）,2020,634,9275,物/史,1,1
山东大学,经济学类,,2020,645,5853,不限,1,1
山东大学,外国语言文学类,,2020,634,9279,不限,1,1
山东大学,自动化类,,2020,636,8323,物,1,1
山东大学,计算机类,（软件数媒与大数据方向）,2020,639,7425,物,1,1
山东大学,土木类,,2020,632,9670,物,1,1
山东大学,预防医学,（五年制）,2020,637,8098,物/化/生,1,1
山东大学,电子信息类,（通信电子与光电方向）,2020,640,7018,物,1,1
山东大学,环境科学与工程类,,2020,633,9355,物/化/生,1,1
山东大学,口腔医学,（5+3一体化）,2020,651,4434,物/化/生,1,1
山东大学,临床医学,（五年制）,2020,644,5925,物、化、生,1,1
山东大学,智能医学工程,,2020,638,7818,物,1,1
山东大学,中国语言文学类,,2020,643,6302,不限,1,1
山东大学,网络空间安全,,2020,639,7309,物,1,1
武汉大学,中国语言文学类,,2020,659,2838,不限,1,1
武汉大学,工商管理类,,2020,661,2482,物,1,1
武汉大学,轻工类,（卓越工程师教育培养计划）,2020,657,3081,物/化,1,1
武汉大学,人文科学试验班,（弘毅学堂）,2020,667,1655,不限,1,1
武汉大学,法学,（卓越法治人才教育培养计划）,2020,668,1443,不限,1,1
武汉大学,电子信息类,（卓越工程师教育培养计划）,2020,664,2060,物,1,1
武汉大学,遥感科学与技术,（国家级一流本科专业）,2020,663,2109,物,1,1
武汉大学,计算机类,（国家网络安全学院）,2020,666,1730,物,1,1
武汉大学,新闻传播学类,（卓越新闻传播人才教育培养计划）,2020,666,1797,不限,1,1
武汉大学,理科试验班,（弘毅学堂）,2020,672,1032,物,1,1
武汉大学,生物科学类,,2020,661,2383,物/化,1,1
武汉大学,历史学类,,2020,656,3396,史,1,1
武汉大学,金融学,（数理金融与数理经济试验班）,2020,673,992,物,1,1
武汉大学,测绘类,（卓越工程师教育培养计划）,2020,659,2794,物,1,1
武汉大学,物理学类,,2020,665,1918,物,1,1
武汉大学,建筑类,（中外合作办学）,2020,641,6905,物,1,1
武汉大学,外国语言文学类,,2020,656,3386,不限,1,1
武汉大学,计算机类,（计算机学院，卓越工程师教育培养计划）,2020,668,1538,物,1,1
武汉大学,文科试验班类,（弘毅学堂PPE试验班）,2020,669,1321,不限,1,1
武汉大学,建筑类,,2020,658,2898,物,1,1
华中科技大学,电气工程及其自动化,,2020,664,2004,物,1,1
华中科技大学,电子信息类,（电信学院）,2020,665,1917,物,1,1
华中科技大学,自动化类,（AI试验班）,2020,669,1415,物,1,1
华中科技大学,集成电路设计与集成系统,（集成电路卓越计划实验班）,2020,666,1752,物,1,1
华中科技大学,物理学类,,2020,662,2350,物,1,1
华中科技大学,人工智能,（创新实验班）,2020,671,1137,物,1,1
华中科技大学,机械设计制造及其自动化,（机械卓越计划实验班）,2020,668,1490,物,1,1
华中科技大学,经济学,（经济学创新实验班）,2020,659,2719,物/化/生,1,1
华中科技大学,临床医学,（本硕博贯通培养）,2020,674,912,化、生,1,1
华中科技大学,工商管理类,,2020,659,2841,不限,1,1
华中科技大学,物理学,（严济慈物理学英才班）,2020,668,1507,物,1,1
华中科技大学,电气工程及其自动化,（电气卓越计划实验班）,2020,670,1305,物,1,1
华中科技大学,建筑类,（智慧建筑规划试验班，包含专业见招生简章）,2020,657,3092,物/地/史,1,1
华中科技大学,材料成型及控制工程,（材料卓越计划实验班）,2020,659,2845,物,1,1
华中科技大学,计算机科学与技术,（计算机卓越计划实验班）,2020,675,828,物,1,1
华中科技大学,生物医学工程类,（国家生命科学与技术人才试验班）,2020,662,2367,物/化/生,1,1
华中科技大学,网络空间安全,（启明本硕博实验班）,2020,672,1021,物,1,1
华中科技大学,光电信息科学与工程,（王大珩光电创新实验班）,2020,666,1813,物,1,1
华中科技大学,化学类,,2020,662,2287,物/化,1,1
华中科技大学,材料成型及控制工程,（启明本硕博实验班）,2020,668,1491,物,1,1
浙江工业大学,土木类,,2020,595,30207,物,0,0
浙江工业大学,机器人工程,,2020,598,27848,物,0,0
浙江工业大学,物理学类,（物理与光电信息类）,2020,599,27175,物,0,0
浙江工业大学,生物工程类,,2020,595,30351,物/化/生,0,0
浙江工业大学,计算机类,,2020,605,23455,物,0,0
浙江工业大学,环境科学与工程类,,2020,594,31679,物/化/生,0,0
浙江工业大学,药学类,（2011计划创新实验区）,2020,595,30191,物/化/生,0,0
浙江工业大学,化工与制药类,（化学工程类）,2020,597,28760,物/化,0,0
浙江工业大学,材料类,,2020,594,31170,物、化,0,0
浙江工业大学,机械类,,2020,598,28178,物,0,0
浙江工业大学,经济与贸易类,,2020,597,28964,物/化/史,0,0
湖北大学,旅游管理,,2020,582,41781,不限,0,0
湖北大学,物理学,,2020,588,36201,物,0,0
湖北大学,法语,,2020,588,36657,不限,0,0
湖北大学,经济学,,2020,597,28988,不限,0,0
湖北大学,公共管理类,,2020,584,39783,不限,0,0
湖北大学,历史学类,,2020,598,28543,地/史,0,0
湖北大学,化工与制药类,,2020,588,36681,物/化/生,0,0
湖北大学,教育学类,,2020,586,38114,不限,0,0
湖北大学,日语,,2020,587,37577,不限,0,0
湖北大学,档案学,,2020,584,40385,不限,0,0
湖北大学,葡萄牙语,,2020,586,38592,不限,0,0
湖北大学,计算机类,,2020,594,31206,物,0,0
湖北大学,哲学,,2020,591,33508,不限,0,0
湖北大学,新闻传播学类,,2020,599,27765,不限,0,0
湖北大学,药学,,2020,588,36335,物/化/生,0,0
湖北大学,电子信息类,,2020,593,32186,物,0,0
湖北大学,材料类,,2020,590,34653,化,0,0
湖北大学,思想政治教育,,2020,590,34794,政,0,0
湖北大学,生物工程,,2020,588,35995,物/化/生,0,0
湖北大学,心理学,,2020,589,35429,物/化/生,0,0
华中师范大学,翻译,,2020,625,12791,不限,0,1
华中师范大学,新闻传播学类,,2020,625,12471,不限,0,1
华中师范大学,中国语言文学类,,2020,632,9692,地、史,0,1
华中师范大学,数学类,,2020,638,7714,物,0,1
华中师范大学,经济学类,,2020,625,12797,不限,0,1
华中师范大学,管理科学与工程类,,2020,619,15318,物,0,1
华中师范大学,政治学类,,2020,629,11140,政,0,1
华中师范大学,生物科学类,,2020,629,11009,物/化/生,0,1
华中师范大学,俄语,,2020,610,20402,不限,0,1
华中师范大学,物理学类,,2020,635,8635,物,0,1
华中师范大学,公共管理类,,2020,616,16702,不限,0,1
华中师范大学,计算机类,,2020,627,11712,物、化,0,1
华中师范大学,教育学类,,2020,626,12245,政/史/生,0,1
华中师范大学,电子信息类,,2020,624,12861,物,0,1
华中师范大学,历史学类,,2020,640,7268,地/史,0,1
华中师范大学,化学类,,2020,628,11342,化,0,1
华中师范大学,信息资源管理,,2020,617,16350,不限,0,1
华中师范大学,社会学类,,2020,618,15988,不限,0,1
华中农业大学,动物医学,,2020,600,26714,物/化/生,0,1
华中农业大学,生物工程,,2020,606,22939,物/化/生,0,1
华中农业大学,光电信息科学与工程,,2020,603,24962,物,0,1
华中农业大学,计算机科学与技术,,2020,605,23271,物,0,1
华中农业大学,公共管理类,,2020,604,24345,不限,0,1
华中农业大学,社会学类,,2020,603,24875,不限,0,1
华中农业大学,广告学,,2020,603,24944,不限,0,1
华中农业大学,食品科学与工程类,,2020,601,26355,物/化/生,0,1
华中农业大学,风景园林,,2020,608,21537,物/地/史,0,1
华中农业大学,数据科学与大数据技术,,2020,605,23446,物,0,1
华中农业大学,生物科学类,,2020,610,20297,化/生,0,1
华中农业大学,地理信息科学,,2020,604,24335,物/化/地,0,1
华中农业大学,茶学,,2020,599,27181,物/化/生,0,1
华中农业大学,法学,,2020,610,20569,不限,0,1
华中农业大学,设施农业科学与工程,,2020,596,29531,物/化/生,0,1
华中农业大学,动物科学,（国家卓越农林人才计划）,2020,597,28766,物/化/生,0,1
华中农业大学,林学,,2020,599,27749,物/化/生,0,1
华中农业大学,外国语言文学类,,2020,603,24931,不限,0,1
华中农业大学,机械类,,2020,598,28164,物,0,1
华中农业大学,信息与计算科学,,2020,602,25500,物,0,1
湖南大学,软件工程,,2020,633,9505,物,1,1
湖南大学,工商管理,,2020,630,10472,不限,1,1
湖南大学,国际经济与贸易,,2020,630,10514,不限,1,1
湖南大学,材料科学与工程,,2020,629,11093,物,1,1
湖南大学,金融学,,2020,633,9464,不限,1,1
湖南大学,自动化,,2020,632,9702,物,1,1
湖南大学,通信工程,,2020,634,9007,物,1,1
湖南大学,会计学,,2020,634,9276,不限,1,1
湖南大学,工业设计,,2020,628,11183,不限,1,1
湖南大学,测控技术与仪器,,2020,632,9708,物,1,1
湖南大学,土木类,,2020,626,12236,物,1,1
湖南大学,计算机科学与技术,（智能班）,2020,635,8702,物,1,1
湖南大学,生物医学工程,,2020,630,10561,物/化/生,1,1
湖南大学,应用物理学,,2020,631,10368,物,1,1
湖南大学,电子商务,,2020,630,10736,物,1,1
湖南大学,历史学,,2020,644,6099,史,1,1
湖南大学,给排水科学与工程,,2020,627,11618,物,1,1
湖南大学,城乡规划,,2020,630,10516,物,1,1
湖南大学,精算学,,2020,640,7083,不限,1,1
湖南大学,保险学,,2020,630,10443,不限,1,1
中南大学,土木类,（土木安全类）,2020,629,10882,物,1,1
中南大学,土木工程,（中外合作办学）,2020,607,21899,物,1,1
中南大学,建筑类,（建筑城规类）,2020,637,8017,物/地/史,1,1
中南大学,计算机类,（计算机信息类）,2020,645,5632,物,1,1
中南大学,航空航天类,,2020,646,5465,物,1,1
中南大学,材料科学与工程,（中外合作办学）,2020,608,21681,物、化,1,1
中南大学,材料类,（冶金材料类）,2020,633,9341,物、化,1,1
中南大学,中国语言文学类,,2020,636,8589,不限,1,1
中南大学,化工与制药类,（化学生物环境类）,2020,636,8518,物/化,1,1
中南大学,口腔医学,（5+3一体化）,2020,665,1860,化、生,1,1
中南大学,医学技术类,（医学四年类）,2020,635,8711,物/化/生,1,1
中南大学,数学类,（数学物理类）,2020,642,6487,物,1,1
中南大学,软件工程,,2020,643,6301,物,1,1
中南大学,外国语言文学类,,2020,637,8267,不限,1,1
中南大学,能源动力类,（能源类）,2020,634,9043,物、化,1,1
中南大学,临床医学,（八年制）,2020,673,979,化、生,1,1
中南大学,机械类,,2020,636,8529,物,1,1
中南大学,公共卫生与预防医学类,（非临床五年制医学类）,2020,636,8305,化、生,1,1
中南大学,法学类,,2020,642,6524,不限,1,1
中南大学,金融学类,（经济管理类）,2020,643,6237,不限,1,1
湖南师范大学,思想政治教育,,2020,614,18177,政,0,1
湖南师范大学,化学,,2020,622,14060,化,0,1
湖南师范大学,汉语言文学,,2020,618,15881,史,0,1
湖南师范大学,数学与应用数学,,2020,620,14701,物,0,1
湖南师范大学,生物科学,,2020,614,17822,化/生,0,1
湖南师范大学,政治学与行政学,,2020,612,19327,政/史,0,1
湖南师范大学,行政管理,,2020,605,23080,不限,0,1
湖南师范大学,翻译,,2020,613,18744,不限,0,1
湖南师范大学,地理科学,,2020,616,17045,物/化/地,0,1
湖南师范大学,会计学,,2020,607,21885,物/化/生,0,1
湖南师范大学,计算机科学与技术,,2020,607,22174,物,0,1
湖南师范大学,人文地理与城乡规划,,2020,606,22725,物/化/地,0,1
湖南师范大学,物理学类,,2020,608,21634,物,0,1
湖南师范大学,地理信息科学,,2020,606,22672,物/化/地,0,1
湖南师范大学,制药工程,,2020,603,24416,化,0,1
湖南师范大学,电子信息工程,,2020,602,25241,物,0,1
湖南师范大学,化学工程与工艺,,2020,600,26433,化,0,1
湖南师范大学,数据科学与大数据技术,,2020,609,20721,物,0,1
湖南师范大学,网络与新媒体,,2020,616,17126,物/政/史,0,1
湖南师范大学,电子信息科学与技术,,2020,603,24867,物,0,1
福建农林大学,动物医学,,2020,568,57313,物/化/生,0,0
福建农林大学,植物保护,,2020,548,84392,物/化/生,0,0
福建农林大学,蜂学,,2020,517,137087,物/化/生,0,0
福建农林大学,农学,,2020,547,85746,物/化/生,0,0
福建农林大学,设施农业科学与工程,,2020,542,92623,物/化/生,0,0
福建农林大学,茶学,,2020,522,127204,物/化/生,0,0
福建农林大学,风景园林,（中外合作办学）,2020,561,65347,物/史,0,0
福建农林大学,农业资源与环境,（中外合作办学）,2020,529,115859,物/化,0,0
福建农林大学,水产养殖学,,2020,519,133302,物/化/生,0,0
福建农林大学,林学类,,2020,545,89258,物/化/生,0,0
福建农林大学,食品科学与工程,,2020,558,70153,物/化/生,0,0
福建农林大学,园艺,（中外合作办学）,2020,529,115040,物/化,0,0
福建农林大学,生态学,（中外合作办学）,2020,519,132689,物/化,0,0
福建农林大学,生物信息学,,2020,544,90530,物/化/生,0,0
福建农林大学,园艺,,2020,550,80666,物/化/生,0,0
福建农林大学,植物科学与技术,,2020,541,95206,物/化/生,0,0
福建农林大学,生物科学类,,2020,548,83724,物/化/生,0,0
福建农林大学,农业资源与环境,,2020,538,99750,物/化/生,0,0
福建农林大学,环境工程,,2020,547,85684,物/化/生,0,0
暨南大学,金融学,,2020,630,10409,不限,0,1
暨南大学,临床医学,,2020,626,12045,化、生,0,1
暨南大学,汉语言文学,,2020,621,14626,政/地/史,0,1
暨南大学,国际政治,,2020,621,14274,不限,0,1
暨南大学,生物科学,,2020,619,15419,物/化/生,0,1
暨南大学,国际商务,,2020,616,16748,不限,0,1
暨南大学,经济学,,2020,628,11211,不限,0,1
暨南大学,行政管理,,2020,616,16772,不限,0,1
暨南大学,会计学,,2020,634,9166,不限,0,1
暨南大学,汉语国际教育,,2020,623,13406,不限,0,1
暨南大学,国际经济与贸易,,2020,623,13509,不限,0,1
暨南大学,广告学,,2020,623,13367,不限,0,1
暨南大学,法学,,2020,632,9942,不限,0,1
暨南大学,应用物理学,,2020,617,16328,物,0,1
暨南大学,经济学,（中外合作办学）,2020,611,19652,物/化/生,0,1
暨南大学,中医学,,2020,617,16419,物/化/生,0,1
暨南大学,财务管理,,2020,619,15549,不限,0,1
暨南大学,环境科学,,2020,614,17824,物/化/生,0,1
暨南大学,风景园林,,2020,615,17465,物/化/地,0,1
暨南大学,中药学,,2020,617,16584,物/化/生,0,1
华南理工大学,信息工程,,2020,650,4662,物,1,1
华南理工大学,建筑学,,2020,656,3360,物,1,1
华南理工大学,经济学类,,2020,647,5234,不限,1,1
华南理工大学,自动化类,,2020,650,4607,物,1,1
华南理工大学,商务英语,,2020,637,7991,不限,1,1
华南理工大学,工商管理类,,2020,646,5609,不限,1,1
华南理工大学,新闻传播学类,,2020,641,6691,不限,1,1
华南理工大学,环境科学与工程类,,2020,644,5907,物/化,1,1
华南理工大学,食品科学与工程类,,2020,645,5895,物/化/生,1,1
华南理工大学,风景园林,,2020,647,5192,物,1,1
华南理工大学,计算机类,,2020,653,3852,物,1,1
华南理工大学,智能制造工程,,2020,652,4211,物,1,1
华南理工大学,行政管理,,2020,642,6683,不限,1,1
华南理工大学,机器人工程,,2020,650,4574,物,1,1
华南理工大学,环境工程,（3加2中澳班）,2020,640,7214,物/化,1,1
华南理工大学,生物科学类,,2020,645,5666,物/化/生,1,1
华南理工大学,生物医学工程,,2020,645,5672,物/化,1,1
华南理工大学,城乡规划,,2020,645,5830,物,1,1
华南理工大学,工业设计,,2020,648,4996,物,1,1
华南理工大学,机械类,,2020,647,5357,物,1,1
上海师范大学,旅游管理类,,2020,590,34244,不限,0,0
上海师范大学,英语,,2020,607,22070,不限,0,0
上海师范大学,日语,,2020,599,27452,不限,0,0
上海师范大学,土木工程,（道桥工程）,2020,588,36099,物,0,0
上海师范大学,公共管理类,,2020,599,27493,不限,0,0
上海师范大学,新闻传播学类,,2020,605,23222,不限,0,0
上海师范大学,金融学类,,2020,598,27926,物/化,0,0
上海师范大学,机械设计制造及其自动化,（中外合作办学）（中美合作）,2020,572,52558,物,0,0
上海师范大学,汽车服务工程,（中外合作办学）（中德合作）,2020,560,67159,物,0,0
上海师范大学,化学类,,2020,596,29367,物/化,0,0
上海师范大学,法语,,2020,601,25736,不限,0,0
上海师范大学,食品安全与检测,,2020,595,30369,物/化,0,0
上海师范大学,文化产业管理,,2020,603,24961,不限,0,0
上海师范大学,生物科学类,,2020,596,29432,物/化,0,0
上海师范大学,电子信息类,,2020,595,30424,物,0,0
上海师范大学,应用心理学,,2020,607,22274,物/化,0,0
上海师范大学,经济学,,2020,600,26423,不限,0,0
上海师范大学,工程管理,,2020,586,37865,物,0,0
上海师范大学,园艺,（中外合作办学）（中荷合作）,2020,576,48483,物/化,0,0
上海师范大学,档案学,,2020,599,27724,不限,0,0
广西大学,土木工程,,2020,590,34368,物,0,1
广西大学,计算机类,,2020,598,28261,物,0,1
广西大学,海洋科学,,2020,587,37192,物/化/生,0,1
广西大学,电气类,,2020,595,30398,物,0,1
广西大学,法学,,2020,597,28743,不限,0,1
广西大学,汉语言文学,,2020,598,28327,不限,0,1
广西大学,外国语言文学类,,2020,593,32213,不限,0,1
广西大学,电子科学与技术,,2020,594,31520,物,0,1
广西大学,新闻传播学类,,2020,593,32481,不限,0,1
广西大学,轻工类,,2020,581,42755,物/化,0,1
广西大学,电子信息类,,2020,596,29874,物,0,1
广西大学,数学类,,2020,594,31100,物,0,1
广西大学,机械类,,2020,592,32835,物,0,1
广西大学,公共事业管理,,2020,587,37164,不限,0,1
广西大学,化学类,,2020,588,36546,物/化,0,1
广西大学,日语,,2020,584,40013,不限,0,1
四川大学,哲学,,2020,646,5525,不限,1,1
四川大学,英语,,2020,642,6635,不限,1,1
四川大学,药学,,2020,644,6107,物/化/生,1,1
四川大学,核工程与核技术,,2020,644,6025,物,1,1
四川大学,土木工程,,2020,641,6950,物,1,1
四川大学,法医学,,2020,641,6927,物/化/生,1,1
四川大学,高分子材料与工程,,2020,643,6365,物、化,1,1
四川大学,机械设计制造及其自动化,（中外合作办学）,2020,612,18984,物,1,1
四川大学,材料类,,2020,642,6512,物,1,1
四川大学,医学技术类,,2020,651,4403,物/化/生,1,1
四川大学,物理学类,,2020,650,4634,物,1,1
四川大学,法学,,2020,649,4822,不限,1,1
四川大学,生物科学类,,2020,650,4478,物/化/生,1,1
四川大学,口腔医学,（五年）,2020,668,1449,物/化/生,1,1
四川大学,历史学类,,2020,647,5309,地/史,1,1
四川大学,工科试验班,（机械及其自动化）,2020,644,6014,物,1,1
四川大学,建筑学,,2020,644,5983,物/地/史,1,1
四川大学,数学与应用数学,（基地班）,2020,662,2258,物,1,1
四川大学,信息资源管理,,2020,642,6542,不限,1,1
四川大学,临床医学,（五年）,2020,666,1735,物、化,1,1
西南交通大学,工程力学,,2020,611,19622,物,0,1
西南交通大学,电气工程及其自动化,,2020,621,14474,物,0,1
西南交通大学,电子信息工程,,2020,620,15052,物,0,1
西南交通大学,地质工程,,2020,609,20899,物/化,0,1
西南交通大学,车辆工程,,2020,617,16282,物,0,1
西南交通大学,土木工程,,2020,611,19509,物,0,1
西南交通大学,建筑学,,2020,624,12957,物,0,1
西南交通大学,通信工程,,2020,622,13756,物,0,1
西南交通大学,安全科学与工程类,（中外合作办学）,2020,579,44677,物,0,1
西南交通大学,物流管理与工程类,,2020,614,17969,物,0,1
西南交通大学,交通运输类,,2020,620,15111,物,0,1
西南交通大学,能源动力类,,2020,617,16208,物,0,1
西南交通大学,法学,,2020,621,14386,不限,0,1
西南交通大学,外国语言文学类,,2020,612,19382,政/地/史,0,1
西南交通大学,生物工程,,2020,609,21233,物/化/生,0,1
西南交通大学,安全工程,,2020,613,18598,物,0,1
西南交通大学,应用心理学,,2020,619,15544,不限,0,1
西南交通大学,机械类,（中外合作办学）,2020,595,30328,物,0,1
西南交通大学,计算机类,（中外合作办学）,2020,602,25214,物,0,1
西南交通大学,电子信息类,,2020,621,14351,物,0,1
西南财经大学,会计学,,2020,640,7263,不限,0,1
西南财经大学,财务管理,,2020,636,8490,不限,0,1
西南财经大学,保险学,,2020,633,9564,不限,0,1
西南财经大学,法学,,2020,638,7795,不限,0,1
西南财经大学,经济与贸易类,,2020,635,8760,不限,0,1
西南财经大学,市场营销,（中外合作办学）（金融服务与营销）,2020,594,31498,不限,0,1
西南财经大学,物流管理,（中外合作办学）（运营管理与商务分析方向）,2020,596,29933,不限,0,1
西南财经大学,经济统计学,,2020,639,7477,不限,0,1
西南财经大学,数学与应用数学,（经济数学方向）,2020,639,7373,物,0,1
西南财经大学,管理科学,,2020,631,10008,物,0,1
西南财经大学,金融数学,（中外合作办学）（金融服务与量化分析方向）,2020,612,18898,不限,0,1
西南财经大学,工商管理类,,2020,632,9962,不限,0,1
西南财经大学,计算机类,,2020,634,9141,物,0,1
西南财经大学,金融学,（双语实验班）,2020,644,5939,不限,0,1
西南财经大学,新闻学,（经济新闻方向）,2020,623,13474,不限,0,1
西南财经大学,精算学,,2020,633,9563,物,0,1
西南财经大学,法学,（法学与金融学双学位）,2020,642,6552,不限,0,1
西南财经大学,经济学,（国家经济学基础人才培养基地班）,2020,644,5909,不限,0,1
西南财经大学,财政学类,,2020,636,8477,不限,0,1
西南财经大学,外国语言文学类,,2020,624,12950,不限,0,1
四川农业大学,园林,,2020,597,28935,物/化/生,0,1
四川农业大学,农学,,2020,593,31845,物/化/生,0,1
四川农业大学,林学,,2020,591,33529,物/化/生,0,1
四川农业大学,农业资源与环境,,2020,588,35971,物/化/生,0,1
四川农业大学,农林经济管理,,2020,597,29138,不限,0,1
四川农业大学,园艺,,2020,593,32160,物/化/生,0,1
四川农业大学,动物科学,,2020,594,31560,物/化/生,0,1
四川农业大学,动物医学,,2020,594,31323,物/化/生,0,1
四川农业大学,道路桥梁与渡河工程,,2020,587,37551,物,0,1
四川农业大学,生物工程,,2020,592,32801,物/化/生,0,1
四川农业大学,会计学,,2020,595,30161,不限,0,1
四川农业大学,水利水电工程,,2020,587,36763,物/化,0,1
四川农业大学,投资学,,2020,597,29263,不限,0,1
四川农业大学,工程造价,,2020,587,36901,物,0,1
四川农业大学,环境科学,,2020,593,31804,物/化/生,0,1
四川农业大学,能源与动力工程,,2020,586,38539,物/化,0,1
四川农业大学,物联网工程,,2020,594,31570,物,0,1
四川农业大学,给排水科学与工程,,2020,585,38665,物,0,1
四川农业大学,水产养殖学,,2020,585,38747,物/化/生,0,1
四川农业大学,环境工程,,2020,592,32824,物/化/生,0,1
青岛大学,临床医学,,2020,604,24307,化、生,0,0
青岛大学,应用物理学,,2020,577,47493,物,0,0
青岛大学,汉语言文学,,2020,586,37996,不限,0,0
青岛大学,自动化,,2020,580,43654,物,0,0
青岛大学,电子信息类,,2020,583,40703,物,0,0
青岛大学,光电信息科学与工程,,2020,578,46104,物,0,0
青岛大学,法学,,2020,587,36910,政/史,0,0
青岛大学,新能源科学与工程,,2020,579,44975,物,0,0
青岛大学,应用化学,,2020,576,48243,化,0,0
青岛大学,行政管理,,2020,581,43478,不限,0,0
青岛大学,标准化工程,,2020,581,43386,不限,0,0
青岛大学,电气工程及其自动化,,2020,584,40076,物,0,0
青岛大学,化学,,2020,565,60608,化,0,0
青岛大学,物理学,,2020,556,72192,物,0,0
青岛大学,工业设计,,2020,577,47381,物,0,0
青岛大学,环境科学与工程,,2020,576,48638,化,0,0
青岛大学,预防医学,,2020,592,32635,化、生,0,0
青岛大学,微电子科学与工程,,2020,578,45895,物,0,0
青岛大学,食品科学与工程,,2020,579,45207,化/生,0,0
青岛大学,国际政治,,2020,582,42507,不限,0,0
贵州大学,机械设计制造及其自动化,,2020,597,28895,物,0,1
贵州大学,土木类,,2020,593,31861,物、化,0,1
贵州大学,公共管理类,,2020,593,32175,史,0,1
贵州大学,工业设计,,2020,592,33035,物,0,1
贵州大学,过程装备与控制工程,,2020,591,33409,物、化,0,1
贵州大学,工程管理,,2020,597,28562,物,0,1
贵州大学,工商管理类,,2020,598,28284,不限,0,1
贵州大学,食品科学与工程类,,2020,591,33441,化、生,0,1
贵州大学,文化产业管理,,2020,595,30855,不限,0,1
贵州大学,电子信息类,,2020,601,25726,物,0,1
贵州大学,生物科学类,,2020,595,30732,化、生,0,1
贵州大学,数学类,,2020,600,26794,物,0,1
贵州大学,旅游管理,（中外合作办学）,2020,550,80520,不限,0,1
贵州大学,药学,,2020,594,31022,化、生,0,1
贵州大学,电气类,,2020,600,26698,物,0,1
贵州大学,人工智能,,2020,610,20065,物,0,1
贵州大学,农业机械化及其自动化,,2020,584,40216,物,0,1
贵州大学,化学类,,2020,597,29111,物、化,0,1
贵州大学,历史学,,2020,601,26073,地、史,0,1
贵州大学,计算机类,,2020,604,24211,物,0,1
西北大学,资源勘查工程,,2020,598,28396,物/化,0,1
西北大学,地质学,,2020,612,19201,物/化,0,1
西北大学,经济学,,2020,623,13465,政/地/史,0,1
西北大学,过程装备与控制工程,,2020,608,21374,物,0,1
西北大学,历史学,,2020,622,14082,地/史,0,1
西北大学,汉语言文学,,2020,616,17084,政/地/史,0,1
西北大学,化学,,2020,615,17760,物/化,0,1
西北大学,物理学,,2020,617,16596,物,0,1
西北大学,考古学,,2020,625,12824,地/史,0,1
西北大学,生物工程,,2020,609,21004,化/生,0,1
西北大学,哲学,,2020,615,17470,不限,0,1
西北大学,俄语,,2020,608,21718,不限,0,1
西北大学,软件工程,,2020,615,17227,物,0,1
西北大学,微电子科学与工程,,2020,613,18422,物,0,1
西北大学,新闻传播学类,,2020,617,16373,不限,0,1
西北大学,电子信息类,,2020,616,16972,物,0,1
西北大学,光电信息科学与工程,,2020,615,17415,物,0,1
西北大学,能源化学工程,,2020,606,22823,物/化,0,1
西北大学,数学类,,2020,617,16195,物,0,1
西北大学,信息管理与信息系统,,2020,610,20408,物,0,1
西安交通大学,工科试验班,（智能电气与信息类）,2020,659,2819,物,1,1
西安交通大学,工科试验班,（大数据管理）,2020,656,3318,物,1,1
西安交通大学,工科试验班,（越杰计划之智慧能源与智能制造类Q）,2020,661,2390,物,1,1
西安交通大学,外国语言文学类,,2020,649,4763,地/史,1,1
西安交通大学,工科试验班,（钱学森班之智慧能源动力Q）,2020,662,2231,物,1,1
西安交通大学,人工智能,,2020,665,1875,物,1,1
西安交通大学,工科试验班,（智慧能源与智能制造类）,2020,656,3247,物,1,1
西安交通大学,工科试验班,（钱学森班之智能电气Q）,2020,665,1877,物,1,1
西安交通大学,会计学,（ACCA）,2020,655,3535,物,1,1
西安交通大学,工科试验班,（钱学森班之智能技术与自动化Q）,2020,665,1824,物,1,1
西安交通大学,工科试验班,（越杰计划之智能电气与信息类Q）,2020,664,1991,物,1,1
西安交通大学,理科试验班,（数学H）,2020,666,1810,物,1,1
西安交通大学,工科试验班,（钱学森班之智能制造Q）,2020,662,2319,物,1,1
武汉科技大学,无机非金属材料工程,,2020,588,36289,化,0,0
武汉科技大学,自动化,,2020,595,30200,物,0,0
武汉科技大学,冶金工程,,2020,587,37295,化,0,0
武汉科技大学,化学工程与工艺,,2020,592,33160,物/化/生,0,0
武汉科技大学,计算机类,,2020,597,28936,物,0,0
武汉科技大学,机械类,,2020,593,31825,物,0,0
武汉科技大学,土木类,,2020,589,35269,物,0,0
武汉科技大学,工业工程,,2020,581,42954,不限,0,0
武汉科技大学,行政管理,,2020,582,41975,不限,0,0
武汉科技大学,应用化学,,2020,595,30558,物/化,0,0
武汉科技大学,能源与动力工程,,2020,592,32853,物/化,0,0
武汉科技大学,德语,,2020,583,41404,不限,0,0
武汉科技大学,电子信息类,,2020,596,29621,物,0,0
武汉科技大学,英语,,2020,594,30991,不限,0,0
武汉科技大学,临床医学,,2020,603,24443,化、生,0,0
武汉科技大学,工商管理类,,2020,590,34880,不限,0,0
武汉科技大学,翻译,,2020,589,35657,不限,0,0
武汉科技大学,电气工程及其自动化,,2020,594,31058,物,0,0
武汉科技大学,机器人工程,,2020,593,31819,物,0,0
武汉科技大学,国际经济与贸易,,2020,588,36623,不限,0,0
杭州电子科技大学,通信工程,,2020,608,21845,物,0,0
杭州电子科技大学,光电信息科学与工程,,2020,609,21254,物,0,0
杭州电子科技大学,管理科学与工程类,,2020,605,23686,物,0,0
杭州电子科技大学,计算机类,,2020,617,16685,物,0,0
杭州电子科技大学,电子信息类,,2020,610,20628,物,0,0
杭州电子科技大学,网络工程,,2020,612,19423,物,0,0
杭州电子科技大学,自动化,,2020,608,21845,物,0,0
杭州电子科技大学,数学类,,2020,605,23686,物,0,0
杭州电子科技大学,自动化,（中外合作办学）,2020,591,34142,物,0,0
杭州电子科技大学,测控技术与仪器,,2020,603,24984,物,0,0
杭州电子科技大学,材料科学与工程,,2020,599,27808,物,0,0
杭州电子科技大学,计算机科学与技术,（中外合作办学）,2020,599,27808,物,0,0
杭州电子科技大学,机械类,,2020,603,24984,物,0,0
长安大学,道路桥梁与渡河工程,,2020,609,20961,物,0,1
长安大学,交通运输,,2020,603,24783,物/化,0,1
长安大学,车辆工程,,2020,607,22105,物,0,1
长安大学,地质工程,,2020,599,27612,物/化,0,1
长安大学,交通工程,,2020,608,21280,物/化,0,1
长安大学,自动化类,,2020,604,24234,物,0,1
长安大学,工商管理类,,2020,605,23654,不限,0,1
长安大学,地质学类,,2020,599,27475,物/化,0,1
长安大学,土木类,,2020,598,28305,物,0,1
长安大学,环境科学与工程类,,2020,601,25836,物/化/生,0,1
长安大学,建筑类,,2020,601,25823,物/化/地,0,1
长安大学,化学工程与工艺,,2020,600,26461,物/化/生,0,1
长安大学,经济学类,,2020,605,23435,不限,0,1
长安大学,电气工程及其自动化,,2020,607,21971,物,0,1
长安大学,水利类,,2020,599,27323,物/化,0,1
长安大学,地球物理学类,,2020,599,27700,物,0,1
长安大学,道路桥梁与渡河工程,（国际工程班）,2020,602,25172,物,0,1
长安大学,测绘类,,2020,599,27179,物,0,1
长安大学,公共管理类,,2020,603,24389,不限,0,1
长安大学,思想政治教育,,2020,607,22148,政,0,1
华侨大学,建筑学,,2020,595,30192,物/地/史,0,0
华侨大学,中国语言文学类,,2020,590,34969,不限,0,0
华侨大学,材料科学与工程,,2020,586,37947,化,0,0
华侨大学,国际商务,（全英文教学）,2020,579,45264,不限,0,0
华侨大学,法学,,2020,594,31338,不限,0,0
华侨大学,计算机类,,2020,592,32794,物,0,0
华侨大学,工商管理类,,2020,584,40089,不限,0,0
华侨大学,城乡规划,,2020,588,36211,物/地/史,0,0
华侨大学,临床医学,,2020,595,30174,物、化,0,0
华侨大学,国际事务与国际关系,,2020,588,36066,不限,0,0
华侨大学,经济学类,（中美121双学位班、可接轨CFA金融分析师）,2020,580,44081,不限,0,0
华侨大学,经济学类,,2020,586,37927,不限,0,0
华侨大学,应用物理学,（拔尖人才试点班）,2020,588,36287,物,0,0
华侨大学,高分子材料与工程,（拔尖人才试点班）,2020,587,36949,化,0,0
华侨大学,金融学,,2020,589,35418,不限,0,0
华侨大学,公共管理类,,2020,583,40980,不限,0,0
华侨大学,生物工程,,2020,583,40831,物/化/生,0,0
华侨大学,物联网工程,,2020,589,35817,物,0,0
华侨大学,人工智能,,2020,592,32813,物,0,0
华侨大学,英语,,2020,590,34900,不限,0,0
西安电子科技大学,计算机类,,2020,636,8528,物,0,1
西安电子科技大学,中国语言文学类,,2020,607,22399,不限,0,1
西安电子科技大学,电子信息工程,（中外合作办学）,2020,602,25342,物,0,1
西安电子科技大学,通信工程,（中外合作办学）,2020,607,22146,物,0,1
西安电子科技大学,电子信息类,,2020,635,8786,物,0,1
西安电子科技大学,自动化类,（智能制造及智能测控）,2020,632,9778,物,0,1
西安电子科技大学,数学类,,2020,631,10079,物,0,1
西安电子科技大学,外国语言文学类,,2020,607,22087,不限,0,1
兰州大学,工商管理类,,2020,617,16360,物/化/生,1,1
兰州大学,大气科学类,,2020,618,15927,物,1,1
兰州大学,理论与应用力学,（基地班）,2020,618,15686,物,1,1
兰州大学,汉语言文学,,2020,620,15043,不限,1,1
兰州大学,生物科学类,,2020,620,15051,化、生,1,1
兰州大学,历史学类,,2020,620,15076,地/史,1,1
兰州大学,电子信息类,,2020,622,13757,物,1,1
兰州大学,物理学类,,2020,621,14625,物,1,1
兰州大学,临床医学类,,2020,627,11662,化、生,1,1
兰州大学,计算机科学与技术,（中外合作办学）,2020,594,31650,物,1,1
兰州大学,新闻传播学类,,2020,618,15926,不限,1,1
兰州大学,计算机类,,2020,624,13008,物,1,1
兰州大学,化学类,,2020,618,15741,化,1,1
兰州大学,口腔医学,,2020,630,10438,物/化/生,1,1
兰州大学,数学类,,2020,622,13928,物,1,1
兰州大学,经济学类,,2020,621,14268,物/地/生,1,1
