院校,专业,最低分,位次,科目,批次
清华大学,临床医学类（协和）（含临床医学专业）,704,55,理科,本科批
清华大学,电子信息类（含电子信息科学与技术、微电子科学与工程、生物医学工程专业）,704,55,理科,本科批
清华大学,自动化类（含自动化、信息管理与信息系统专业）,704,55,理科,本科批
清华大学,理科试验班类（新雅书院）（含物理学（等各专业）专业）,714,1,理科,本科批
清华大学,理科试验班类（经济、金融与管理）（含金融学类、信息管理与信息系统专业）,705,44,理科,本科批
清华大学,建筑类（含建筑学、城乡规划、风景园林专业）,708,32,理科,本科批
清华大学,计算机类（含计算机科学与技术、软件工程、计算机科学与技术（计算机科学实验班）、计算机科学与技术（智班）专业）,710,1,理科,本科批
清华大学,工科试验班类（能源与电气）（含建筑环境与能源应用工程、电气工程及其自动化、电气工程及其自动化（能源互联网国际班）、能源与动力工程专业）,704,55,理科,本科批
清华大学,工科试验班类（环境、化工与新材料）（含环境工程、环境工程（全球环境国际班）、化学工程与工业生物工程、高分子材料与工程、材料科学与工程专业）,709,1,理科,本科批
清华大学,理科试验班类（数理）（含数学与应用数学、物理学、数理基础科学、工程物理、工程物理（能源实验班）专业）,705,44,理科,本科批
清华大学,文科试验班类（经济、金融与管理）（含经济与金融（国际班）专业）,679,1,文科,本科批
清华大学,理科试验班类（化生）（含化学、化学生物学、生物科学、药学、化学工程与工业生物工程、高分子材料与工程专业）,715,1,理科,本科批
清华大学,临床医学类（医学实验班）（含临床医学专业）,709,1,理科,本科批
清华大学,工科试验班类（机械、航空与动力）（含机械工程、机械工程（实验班）、测控技术与仪器、能源与动力工程、车辆工程、车辆工程（电子信息方向）、车辆工程（车身方向）、工业工程、航空航天类、工程力学（钱学森力学班）专业）,704,55,理科,本科批
清华大学,土木、水利与海洋工程,700,108,理科,本科提前批
清华大学,电子信息类,699,136,理科,本科提前批
清华大学,工科试验班类（环境、化工与新材料）,691,382,理科,本科提前批
清华大学,建筑类,695,226,理科,本科提前批
清华大学,工科试验班类（机械、航空与动力）,692,339,理科,本科提前批
清华大学,理科试验班类（化生）,690,418,理科,本科提前批
清华大学,法学（含国际班）,644,316,文科,本科提前批
清华大学,文科试验班类（人文与社会）,659,75,文科,本科提前批
清华大学,理科试验班类（数理）,697,170,理科,本科提前批
清华大学,工科试验班类（能源与电气）,699,136,理科,本科提前批
清华大学,自动化类,698,150,理科,本科提前批
北京大学,法学,671,1,文科,本科批
北京大学,考古学,668,1,文科,本科批
北京大学,工商管理类（含金融学、金融学（金融经济学）、会计学、市场营销专业）,689,1,文科,本科批
北京大学,理科试验班类（含数学类、物理学类、天文学、地球物理学类、心理学类、计算机类、电子信息类专业）,706,40,理科,本科批
北京大学,信息管理与信息系统,668,1,文科,本科批
北京大学,中国语言文学类（含汉语言文学、汉语言、古典文献学、应用语言学专业）,672,1,文科,本科批
北京大学,新闻传播学类（含新闻学、广播电视学、广告学、编辑出版学专业）,668,1,文科,本科批
北京大学,经济学类（含经济学、金融学、国际经济与贸易、保险学（风险管理与保险）、财政学、资源与环境经济学专业）,678,1,文科,本科批
北京大学,环境科学（环境、生态、地理与资源环境）,707,34,理科,本科批
北京大学,生物科学类（含生物科学、生物技术专业）,703,63,理科,本科批
北京大学,文科试验班类（全校教学资源范围内自由选择专业）（含中国语言文学类、考古学、历史学类、哲学类、社会学类、国际政治、意管理与信意系统、新闻传播学类、经济法学、学类、工商管理类、公共管理类专业）,677,1,文科,本科批
北京大学,物理学类（含物理学、大气科学（大气与海洋）专业）,703,63,理科,本科批
北京大学,历史学类（含历史学（中国史）、世界史、外国语言与外国历史专业）,668,1,文科,本科批
北京大学,社会学类（含社会学、社会工作专业）,672,1,文科,本科批
北京大学,哲学类（含哲学、宗教学、哲学（科技哲学与逻辑学方向）专业）,669,1,文科,本科批
北京大学,数学类（含数学与应用数学（数学）、数学与应用数学（概率统计）、数学与应用数学（科学与工程计算）、数学与应用数学（信息科学）、数学与应用数学（金融）专业）,706,40,理科,本科批
北京大学,计算机类（含计算机科学与技术、智能科学与技术专业）,704,55,理科,本科批
北京大学,工科试验班类（含理论与应用力学、工程力学、能源与环境系统工程、航空航天工程、生物医学工程、材料科学与工程专业）,703,63,理科,本科批
北京大学,英语（只招英语语种考生）,667,30,文科,本科批
北京大学,国际政治（国政、外交学、国际政经）,668,1,文科,本科批
北京大学,法学,660,65,文科,本科提前批
北京大学,西班牙语,663,44,文科,本科提前批
北京大学,蒙古语,665,35,文科,本科提前批
北京大学,国际政治（国政、外交学、国际政经）,653,141,文科,本科提前批
北京大学,朝鲜语,666,33,文科,本科提前批
北京大学,心理学类,688,537,理科,本科提前批
北京大学,环境科学（环境、生态、地理与资源环境）,688,537,理科,本科提前批
北京大学,德语,667,30,文科,本科提前批
北京大学,俄语,661,59,文科,本科提前批
北京大学,工科试验班类,689,466,理科,本科提前批
北京大学,信息管理与信息系统,650,185,文科,本科提前批
北京大学,社会学类,651,166,文科,本科提前批
北京大学,地球物理学类,689,466,理科,本科提前批
复旦大学,法学（卓越法律人才基地）（含复旦美国杜兰大学“3+1”双学位项目；含赴美国哥伦比亚大学、康奈尔大学、加拿大麦吉尔大学、德国汉堡大学等校免学费交流项目）,661,59,文科,本科批
复旦大学,经济学类（含经济学、经济学（数理经济方向拔尖项目）、经济学（国际项目UIPE）、国际经济与贸易（国际经济学）、金融学、财政学、保险学专业；含数理经济拔尖项目、经济学专业国际项目和复旦荷兰格罗宁根大学2+2双学位项目；含赴芝加哥大学、加州大学、新加坡国立大学、苏黎世大学、高等商学院、慕尼黑大学庆应大学等免学费交流项目，麻省理工、宾夕法尼亚大学、加州大学伯克利分校、伦敦政经等访学项目）,698,150,理科,本科批
复旦大学,历史学类（含历史学、旅游管理、文物与博物馆学专业；含赴加拿大女王大学、丹麦哥本哈根大学、日本御茶水大学等校免学费交流项目）,658,83,文科,本科批
复旦大学,经济学类（含经济学、经济学（数理经济方向拔尖项目）、经济学（国际项目UIPE）、国际经济与贸易（国际经济学）、金融学、财政学、保险学专业；含数理经济拔尖项目、经济学专业国际项目和复旦荷兰格罗宁根大学2+2双学位项目；含赴芝加哥大学、加州大学新加坡国立大学、苏黎世大学、巴黎高等商学院、慕尼黑大学、庆应大学等免学费交流项目，麻省理工、宾夕法尼亚大学、加州大学伯克利分校、伦敦政经等访学项目）,663,44,文科,本科批
复旦大学,工科试验班（新工科本研贯通）（含智能科学与技术（卓越班）、微电子科学与工程（卓越班）、人工智能专业；大利亚莫纳什大学等“2+2”双学位项目，与加拿大多伦多大学、美国佛罗里达大学等“3+1+1”本硕连读项目）,698,150,理科,本科批
复旦大学,数学类（拔尖人才培养计划）（含数学与应用数学、信息与计算科学、数据科学与大数据技术专业）,698,150,理科,本科批
复旦大学,新闻传播学类（卓越新闻人才计划）（含新闻学、广播电视学、传播学、广告学专业；含复旦日本早稻田大学“3+1+1”、复旦美国密苏里大学“2+2”双学位项目；含赴美国北卡罗莱纳大学、纽约城市大学、德国慕尼黑大学等校免学费交流项目）,662,52,文科,本科批
复旦大学,经济管理试验班（含会计学、市场营销、统计学、工商管理（战略、商务、人力资源方向）、（金融方向）、管理科学（供应链方向）、息管理与信息系统（电商方向）专业；美国南加州大学、英国华威大学、法国巴黎高等商学院等校免学费交流项目）,700,108,理科,本科批
复旦大学,中国语言文学类（含汉语言文学、汉语言专业；含赴美国韦尔斯利学院、德国科隆大学、日本早稻田大学，香港浸会大学、台湾大学等校免学费交流项目）,657,91,文科,本科批
复旦大学,经济管理试验班,682,922,理科,本科提前批
复旦大学,微电子科学与工程（国家示范性微电子学院）,694,261,理科,本科提前批
复旦大学,核工程与核技术,692,339,理科,本科提前批
复旦大学,自然科学试验班（拔尖人才培养计划）（其他备注及方向整理中）,693,303,理科,本科提前批
复旦大学,社会科学试验班（其他备注及方向整理中）,642,362,文科,本科提前批
复旦大学,技术科学试验班（卓越班）（其他备注及方向整理中）,684,769,理科,本科提前批
复旦大学,经济学类,681,1024,理科,本科提前批
中国人民大学,法学,666,33,文科,本科批
中国人民大学,法学,693,303,理科,本科批
中国人民大学,经济学类（含经济学、国际经济与贸易、能源经济、国民经济管理专业）,697,170,理科,本科批
中国人民大学,工商管理类（含工商管理、财务管理、会计学、市场营销、管理科学、贸易经济专业）,658,83,文科,本科批
中国人民大学,财政学类（含财政学、税收学专业）,659,75,文科,本科批
中国人民大学,金融学类（含金融学、金融工程、信用管理、保险学专业）,699,136,理科,本科批
中国人民大学,国际政治（以学校公布分流专业为准）,659,75,文科,本科批
中国人民大学,理科试验班（含统计学、应用统计学、经济统计学、数据科学与大数据技术、环境科学、环境工程、资源与环境经济学、计算机科学与技术、信息管理与信息系统、信息安全、件工程、数学与应用数学、人工智能专业）,692,339,理科,本科批
中国人民大学,财政学类（含财政学、税收学专业）,696,198,理科,本科批
中国人民大学,经济学类（含经济学、国际经济与贸易、能源经济、国民经济管理专业）,662,52,文科,本科批
中国人民大学,人力资源管理（以学校公布分流专业为准）,690,418,理科,本科批
中国人民大学,人力资源管理（以学校公布分流专业为准）,657,91,文科,本科批
中国人民大学,社会科学试验班（管理学科类）（含行政管理、城市管理、土地资源管理、信息资源管理、档案学、农林经济管理、农村区域发展专业）,691,382,理科,本科批
中国人民大学,金融学类（含金融学、金融工程、信用管理、保险学专业）,662,52,文科,本科批
中国人民大学,新闻传播学类（含新闻学、广播电视学、广告学、传播学专业）,659,75,文科,本科批
中国人民大学,工商管理类（含工商管理、财务管理、会计学、市场营销、管理科学、贸易经济专业）,691,382,理科,本科批
中国人民大学,社会科学试验班（管理学科类）（含行政管理、城市管理、土地资源管理、信息资源管理、档案学、农林经济管理、农村区域发展专业）,658,83,文科,本科批
中国人民大学,外国语言文学类,656,105,文科,本科提前批
中国人民大学,社会科学试验班（管理学科类）,637,507,文科,本科提前批
中国人民大学,马克思主义理论类,656,105,文科,本科提前批
中国人民大学,社会学类,676,1574,理科,本科提前批
中国人民大学,人文科学试验班（以学校公布分流专业为准）（其他备注及方向整理中）,655,120,文科,本科提前批
中国人民大学,理科试验班（基础学科类）,685,707,理科,本科提前批
中国人民大学,外国语言文学类,682,922,理科,本科提前批
中国人民大学,理科试验班,679,1215,理科,本科提前批
上海交通大学,经济管理试验班（含双学士学位项目）（含金融学、国际经济与贸易、经济学、工商管理、会计学、人力资源管理、信息管理与信息系统专业；含经济学数学与应用数学双学士学位项目）,660,65,文科,本科批
上海交通大学,电子信息类（IEEE试点班，含双学士学位项目）（含自动化、信息工程、计算机科学与技术、信息安全专业；含电子信息类（IEEE试点班）数学与应用数学双学士学位项目）,700,108,理科,本科批
上海交通大学,电子信息类（中外合作办学）（交大密西根学院）（含机械工程、电子与计算机工程、材料科学与工程专业；不报不录）,701,88,理科,本科批
上海交通大学,经济管理试验班（含双学士学位项目）（含金融学、国际经济与贸易、经济学、工商管理、会计学、人力资源管理、信息管理与信息系统专业；含经济学数学与应用数学双学士学位项目）,702,77,理科,本科批
上海交通大学,人工智能（卓越人才试点班）,701,88,理科,本科批
上海交通大学,理科试验班类（数学科学学院）,684,769,理科,本科提前批
上海交通大学,工科试验班类（中外合作）,688,537,理科,本科提前批
上海交通大学,电子信息类,684,769,理科,本科提前批
上海交通大学,材料科学与工程（含双学士学位项目）,679,1215,理科,本科提前批
浙江大学,工科试验班（竺可桢学院图灵班（含计算机科学与技术、信息安全、人工智能专业））,699,136,理科,本科批
浙江大学,新闻传播学类（含新闻学、传播学专业）,654,129,文科,本科批
浙江大学,工科试验班（能源、化工与高分子）（含车辆工程、能源与环境系统工程、化学工程与工艺、生物工程、高分子材料与工程专业）,695,226,理科,本科批
浙江大学,社会科学试验班（含经济学、财政学、金融学、国际经济与贸易、教育学、会计学、工商管理、社会学农林经济管理、信息资源管理、政治学与行政学、行政管理、劳动与社会保障、土地资源管理、法学专业）,653,141,文科,本科批
浙江大学,工科试验班（电气与自动化）（含电气工程及其自动化、电子信息工程专业）,695,226,理科,本科批
浙江大学,工科试验班（信息）（含计算机科学与技术、信息安全、软件工程、光电信息科学与工程、电子科学与技术、微电子科学与工程、信息工程、自动化、生物医学工程专业）,694,261,理科,本科批
浙江大学,机器人工程（竺可桢学院）,697,170,理科,本科批
浙江大学,外国语言文学类（含英语、翻译、德语、法语、西班牙语、日语、俄语专业）,653,141,文科,本科批
浙江大学,理科试验班（生命、环境、化学与地学）,676,1574,理科,本科提前批
浙江大学,工科试验班（中外合作办学，ZJUUIUC联合学院）,642,9708,理科,本科提前批
浙江大学,社会科学试验班,633,677,文科,本科提前批
浙江大学,工科试验班（信息）,686,652,理科,本科提前批
浙江大学,工科试验班（能源、化工与高分子）,681,1024,理科,本科提前批
浙江大学,工科试验班（航空航天与过程装备）,679,1215,理科,本科提前批
浙江大学,人文科学试验班,636,558,文科,本科提前批
浙江大学,应用生物科学（农学）,662,3821,理科,本科提前批
浙江大学,工科试验班（建筑与土木）,680,1113,理科,本科提前批
浙江大学,工科试验班（机械与材料）,679,1215,理科,本科提前批
浙江大学,工科试验班（海洋）,668,2704,理科,本科提前批
浙江大学,外国语言文学类,634,635,文科,本科提前批
浙江大学,海洋科学,666,3076,理科,本科提前批
浙江大学,新闻传播学类,634,635,文科,本科提前批
浙江大学,应用生物科学（生工食品）,669,2531,理科,本科提前批
中国科学技术大学,工科试验班（科技英才班）（含力学类、电子信息类、计算机类专业；含钱学森力学科技英才班、信息科技英才班、拔尖计划华夏计算机科技英才班）,693,303,理科,本科批
中国科学技术大学,计算机类（含计算机科学与技术、数据科学与大数据技术、软件工程专业；含计算机科技英才班、大数据英才班、中国科大微软亚洲研究院教育部创新人才培养实验班；依托国家高性能计算中心等国家级科研平台进行培养；含学校资助斯坦福大学、帝国理工学院等交流项目；含由华为、腾讯、微软等企业赞助毕业设计项目；含巴黎中央理工高电工程师学位项目）,693,303,理科,本科批
中国科学技术大学,数学类（含数学与应用数学、信息与计算科学、统计学、数据科学与大数据技术专业；含中法数学英才班（双语教学，优秀毕业生可直接攻读巴黎高等师范学校，巴黎六大、七大等法国高校博士学位）、华罗庚数学科技英才班（与中科院数学与系统科学研究院合办）；含学校资助斯坦福大学、耶鲁大学、哥伦比亚大学、牛津大学、剑桥大学、巴黎高等师范学校等交流项目）,692,339,理科,本科批
中国科学技术大学,工科试验班（含力学类、机械类、能源动力类、安全科学与工程类专业；含钱学森力学、吴仲华工程热物理、新能源、精密光机电与环境等科技英才班；含学校资助斯坦福大学日本“樱花计划”等交流项目；为航空航天、力学与先进智能材料设计、智能制造、精密测量、新能源与先进能源材料公共安全与应急管理等工程科学领域培养创新人才和领军人才）,691,382,理科,本科批
中国科学技术大学,电子信息类（含电子信息工程、电子科学与技术、通信工程、自动化、信息安全专业；含信息科技英才班、人工智能科技英才班、网络空间科学英才班、中国科大徽软亚洲研究院教育部创新人才培养实验班；依托“类脑智能技术及应用”“语音及语言信息处理”两个国家工程实验室、国家未来网络基础设施等国家级科研平台进行培养；含学校资助斯坦福大学等交流项目）,691,382,理科,本科批
中国科学技术大学,材料类（含材料物理、材料化学、高分子材料与工程专业；含师昌绪材料科技英才班（与中科院金属研究所合办）；依托微尺度物质科学国家研究中心、材料科学国家研究中心等国家级科研平台进行培养含学校资助哈佛大学、加州大学伯克利分校、理工学院、耶鲁大学等交流项目，与加州理工学院等合办“未来化学国际夏令营”）,691,382,理科,本科批
中国科学技术大学,物理学类（含物理学、应用物理学、天文学、光电信息科学与工程、电子科学与技术专业；严济慈物理、赵忠尧应用物理等科技英才班（与中科院相关研究所合办）、依托国家同步辐射实验室等国家级科研平台进行培养；含学校资助哈佛大学、耶鲁大学、加州大学伯克利分校、牛津大学等交流项目；与斯坦福大学、麻省理工学院、剑桥大学等合办“未来物理学家国际夏令营”）,694,261,理科,本科批
中国科学技术大学,化学类（含化学专业；含卢嘉锡化学科技英才班（与中科院上海有机化学研究所和北京化学研究所合办）；依托微尺度物质科学国家研究中心等国家级科研平台进行培养。含学校资助哈佛大学、加州大学伯克利分校、麻省理工学院、普林斯顿大学等交流项目，与加州理工学院等合办“未来化学国际夏令营”）,692,339,理科,本科批
中国科学技术大学,理科试验班类（含生物科学类专业；含贝时璋生命科技英才班（与中科院生物物理所和上海生命科培养计划（与北京协和医学院合办）、医学研究院合办）、生物医学交叉学科人才学英才班，依托微尺度物质科学国家研究中心、中科院临床研究医院等国家级科研平台培养含学校资助耶鲁大学、大学、UCLA等交流项目）,691,382,理科,本科批
中国科学技术大学,经济管理试验班（含管理科学与工程类、金融学类、工商管理类专业；含金融学类（智慧金融）、管理科学与工程类（商务智能）、工商管理类（创新创业）、统计学类（大数据）含工商管理精英班、中美合作3+X金融与商务英才班（哥伦比亚大学、西雅图华盛顿大学F0STER、圣路易斯华盛顿大学olin商学院）、统计学和经济类3+X项目（UW-Madison））,691,382,理科,本科批
中国科学技术大学,理科试验班类（少年班学院教学改革试点班）（含数学类、物理学类、化学类、地球物理学类、生物科学类、材料类、电子信息类、计算机类、核工程类、环境科学与工程类专业）,693,303,理科,本科批
中国科学技术大学,理科试验班类（拔尖计划科技英才班）（含数学类、物理学类、化学类、生物科学类专业；含华罗庚数学科技英才班、严济慈物理科技英才班、卢嘉锡化学科技英才班、贝时璋生命科技英才班）,699,136,理科,本科批
中国科学技术大学,电子信息类,679,1215,理科,本科提前批
中国科学技术大学,工科试验班,688,537,理科,本科提前批
中国科学技术大学,理科试验班类（其他备注及方向整理中）,675,1694,理科,本科提前批
中国科学技术大学,化学类,676,1574,理科,本科提前批
南京大学,计算机科学与技术,692,339,理科,本科批
南京大学,经济管理试验班（含经济学、金融学、金融工程、保险学、经济学（产业经济学方向）、工商管理、市场营销、会计学、财务管理、电子商务、工商管理（人力资源方向）、国际经济与贸易专业）,689,466,理科,本科批
南京大学,工科试验班（含材料物理、材料化学、新能源科学与工程、光电信息科学与工程、生物医学工程、自动化、工业工程类、建筑学、城乡规划专业）,690,418,理科,本科批
南京大学,理科试验班类（匡亚明学院大理科班）（含物理学类、计算机类、数学类、化学类、生物科学类、天文学类专业）,692,339,理科,本科批
南京大学,理科试验班（数理科学类）（含数学与应用数学、信息与计算科学、统计学、物理学、应用物理学、声学、天文学、空间科学与技术、大气科学、应用气象学专业）,690,418,理科,本科批
南京大学,人工智能,692,339,理科,本科批
南京大学,理科试验班类（化学与生命科学类）（含环境工程、生物科学、生物技术、生态化学、应用化学、与管理方向）、写管理芳向产用玩科学（花环物物拱商环境科学（环境规划环境科学（环境化学与环境生物方向）专业））,689,466,理科,本科批
南京大学,电子信息类（含电子信息科学与技术、通信工程、微电子科学与工程、集成电路设计与集成系统专业）,691,382,理科,本科批
南京大学,人文科学试验班（人文艺术传播类）（含哲学、汉语国际教育、汉语言文学、新闻学、广播电视学、广告学、历史学、考古学、考古学（文物鉴定方向）专业）,655,120,文科,本科批
南京大学,社会科学试验班（含法学、编辑出版学、社会学、社会工作、应用心理学、行政管理、劳动与社会保障、图书馆学、档案学、信息管理与信息系统、政治学与行政学、国际政治专业）,656,105,文科,本科批
南京大学,软件工程（第三年第四年学费为16000元/年）,689,466,理科,本科批
南京大学,经济管理试验班（含经济学、金融学、金融工程、保险学、经济学（产业经济学方向）、工商管理、市场营销、会计学、财务管理、电子商务、工商管理（人力资源方向）、国际经济与贸易专业）,656,105,文科,本科批
南京大学,理科试验班类（化学与生命科学类）,675,1694,理科,本科提前批
南京大学,临床医学（5+3一体化）,678,1326,理科,本科提前批
南京大学,理科试验班类（地球科学与资源环境类）,674,1811,理科,本科提前批
南京大学,工科试验班,674,1811,理科,本科提前批
同济大学,工科试验班（智能交通与车辆类）（含交通工程、交通运输、车辆工程（汽车）、车辆工程专业；分流专业中车辆工程（汽车）为五年制，其余为四年制）,678,1326,理科,本科批
同济大学,工科试验班（建筑规划景观与设计类）（含建筑学、历史建筑保护工程、城乡规划、风景园林、城市设计、工业设计专业；色盲、色弱者不取分流专业中建筑学和城乡规划为五年制，其余为四年制。其中建筑学专业二年级起每年预收6000元）,683,850,理科,本科批
同济大学,工科试验班（土木与环境类）（含土木工程、地质工程、港口航道与海岸工程、智能建造、环境工程、给排水科学与工程、环境科学、建筑环境与能源应用工程专业）,678,1326,理科,本科批
同济大学,机械类（中外合作办学）（含机械电子工程（中外合作办学）、建筑电气与智能化（中外合作办学）、汽车服务工程（中外合作办学）专业）,670,2384,理科,本科批
同济大学,经济管理试验班（含工程管理、信息管理与信息系统、物流管理、市场营销、会计学、行政管理、国际经济与贸易、金融学专业）,681,1024,理科,本科批
同济大学,工科试验班（信息类）（含测绘工程、计算机科学与技术、信息安全、数据科学与大数据技术、电子信息工程、电气工程及其自动化、自动化、人工智能、微电子科学与工程、软件工程、光电信息科学与工程专业；分流专业中软件工程专业二年级预收6500元，三、四年级每年预收16000元）,680,1113,理科,本科批
同济大学,工科试验班（智能交通与车辆类）,672,2080,理科,本科提前批
同济大学,理科试验班,675,1694,理科,本科提前批
同济大学,工科试验班（信息类）,673,1958,理科,本科提前批
同济大学,工科试验班（智能化制造类）（其他备注及方向整理中）,671,2234,理科,本科提前批
同济大学,医学试验班（其他备注及方向整理中）,670,2384,理科,本科提前批
哈尔滨工业大学,工科试验班（计算机与电子通信）（软件工程专业后两年学费15000元每年。所包含专业，详见招生网站）,674,1811,理科,本科批
哈尔滨工业大学,设计学类（含环境设计、数字媒体艺术专业）,623,1198,文科,本科批
哈尔滨工业大学,英语,623,1198,文科,本科批
哈尔滨工业大学,工科试验班（智能装备）（所包含专业，详见招生网站）,672,2080,理科,本科批
哈尔滨工业大学,经济学,625,1088,文科,本科批
哈尔滨工业大学,社会学,623,1198,文科,本科批
哈尔滨工业大学,工科试验班（智慧人居、智能土木与智能交通（建筑学、城乡规划、风景园林3个专业学制五年。所包含专业，详见招生网站））,672,2080,理科,本科批
哈尔滨工业大学,法学,624,1133,文科,本科批
哈尔滨工业大学,工科试验班（航天与自动化）（所包含专业，详见招生网站）,674,1811,理科,本科批
哈尔滨工业大学,经济管理试验班（所包含专业，详见招生网站）,625,1088,文科,本科批
哈尔滨工业大学,工科试验班（英才本硕博连读）（校本部理工专业任选，硕士、博士阶段按学校有关研究生缴费规定执行。所包含专业，详见招生网站）,683,850,理科,本科批
哈尔滨工业大学,经济管理试验班,662,3821,理科,本科提前批
哈尔滨工业大学,工科试验班（智慧人居、智能土木与智能交,662,3821,理科,本科提前批
哈尔滨工业大学,工科试验班（智能装备）,669,2531,理科,本科提前批
哈尔滨工业大学,光电信息科学与工程,667,2883,理科,本科提前批
西安交通大学,工科试验班（钱学森班之智慧能源动力Q）（含能源与动力工程、新能源科学与工程、核工程与核技术、环境工程专业；Q为预资格生，详见招生章程）,681,1024,理科,本科批
西安交通大学,工科试验班（越杰计划之智慧能源与智能制造类Q）（含能源与动力工程、机械工程、材料科学与工程、工程力学专业；Q为预资格生，详见招生章程）,680,1113,理科,本科批
西安交通大学,外国语言文学类（含英语、法语、日语专业）,631,775,文科,本科批
西安交通大学,工科试验班（钱学森班之智能制造Q）（含机械工程、工业设计、车辆工程、测控技术与仪器专业；Q为预资格生，详见招生章程）,679,1215,理科,本科批
西安交通大学,工科试验班（钱学森班之智能电气Q）（含电气工程及其自动化、测控技术与仪器专业；Q为预资格生，详见招生章程）,684,769,理科,本科批
西安交通大学,工科试验班（大数据管理）（含大数据管理与应用、工商管理、行政管理、劳动与社会保障、工业工程专业）,677,1437,理科,本科批
西安交通大学,工科试验班（智慧能源与智能制造类）（含能源与动力工程、新能源科学与工程、飞行器设计与工程、核工程与核技术、环境工程、人居环境科学与技术、化学工程与工艺、材料科学与工程、机械工程、工业设计、过程装备与控制工程、车辆工程、测控技术与仪器、工程力学、飞行器动力工程专业）,676,1574,理科,本科批
西安交通大学,医学试验班（含口腔医学、临床医学类、基础医学、法医学、药学、临床药学、制药工程、医学专业）,631,14193,理科,本科批
西安交通大学,医学试验班（侯宗濂班H）（含临床医学类专业）,663,3633,理科,本科批
西安交通大学,理科试验班（物理H）（含物理学专业）,680,1113,理科,本科批
西安交通大学,工科试验班（钱学森班之智能技术与自动化Q）（含信息工程、电子科学与技术、微电子科学与工程、物联网工程、计算机科学与技术、自动化、软件工程专业；Q为预资格生，详见招生章程）,683,850,理科,本科批
西安交通大学,工科试验班（智能电气与信息类）（含电气工程及其自动化、电子科学与技术、微电子科学与工程、信息工程、自动化、软件工程、计算机科学与技术、物联网工程、生物医学工程、测控技术与仪器专业）,678,1326,理科,本科批
西安交通大学,会计学（ACCA）（入学需缴纳相关费用，详见学校相关章程或咨询院校）,676,1574,理科,本科批
西安交通大学,医学试验班（5+3一体化）（含临床医学类专业）,657,5030,理科,本科批
西安交通大学,理科试验班（数学H）（含数学与应用数学专业）,679,1215,理科,本科批
西安交通大学,工科试验班（越杰计划之智能电气与信息类Q）（含计算机科学与技术、自动化、电气工程及其自动化专业；Q为预资格生，章程）,682,922,理科,本科批
西安交通大学,人工智能,681,1024,理科,本科批
西安交通大学,医学试验班,664,3435,理科,本科提前批
西安交通大学,文科试验班类（马院）,630,825,文科,本科提前批
西安交通大学,工科试验班（智慧能源与智能制造类）,671,2234,理科,本科提前批
西安交通大学,工科试验班（智慧人居）,668,2704,理科,本科提前批
西安交通大学,工科试验班（智慧金融）,670,2384,理科,本科提前批
西安交通大学,工科试验班（智能电气与信息类）,674,1811,理科,本科提前批
西安交通大学,文科试验班类,631,775,文科,本科提前批
西安交通大学,理科试验班,673,1958,理科,本科提前批
北京航空航天大学,工科试验班类（信息类）（含电子信息工程、通信工程、电子科学与技术、集成电路设计与集成系统、光电信息科学与工程、电磁场与无线技术、交通运输、自动化、电气工程及其自动化、机器人工程、计算机科学与技术、测控技术与仪器、探测制导与控制技术、遥感科学与技术、软件工程、信息对抗技术、信息安全、人工智能、微电子科学与工程专业）,688,537,理科,本科批
北京航空航天大学,工科试验班类（国际通用工程学院）（含机械工程、航空航天工程专业）,687,592,理科,本科批
北京航空航天大学,工科试验班类（医工交叉试验班（含生物医学工程专业））,688,537,理科,本科批
北京航空航天大学,理科试验班类（高等理工学院）（含数学与应用数学、信息与计算科学、应用物理学、工程力学、机械工程、生物医学工程、材料科学与工程、纳米材料与技术、自动化、电气工程及其自动化、飞行器动力工程、能源与动力工程、飞行器设计与工程、飞行器环境与生命保障工程、材料成型及控制工程、飞行器制造工程、微机电系统工程、工业设计、车辆工程、交通运输、飞行器适航技术、土木工程、飞行器质量与可靠性、安全工程、探测制导与控制技术、飞行器控制与信息工程、无人驾驶航空器系统工程、光电信息科学与工程、测控技术与仪器、遥感科学与技术、电子信息,690,418,理科,本科批
北京航空航天大学,工科试验班类（航空H航天类）（含材料科学与工程、纳米材料与技术、飞行器动力工程、能源与动力工程、飞行器设计与工程、飞行器环境与生命保障工程、工程力学、机械工程、材料成型及控制工程、飞行器制造工程、微机电系统工工业设计、机器人工程、车辆工程、交通运输、飞行器适航技术、土木工程、飞行器质量与可靠性全工程、飞行器控制与信息工程、驶航空器系统工程、智能制造工程专业）,686,652,理科,本科批
北京航空航天大学,理科试验班类（中法工程师学院）（含信息与计算科学、数学与应用数学、应用物理学、工程力学专业）,687,592,理科,本科批
北京航空航天大学,社会科学试验班（知行书院）（单列专业）,637,507,文科,本科提前批
北京航空航天大学,工科试验班类（航空H航天类）,678,1326,理科,本科提前批
北京航空航天大学,理科试验班类,675,1694,理科,本科提前批
天津大学,经济管理试验班（含工程管理、金融学、工商管理、财务管理、信息管理与信息系统、保密管理、工业工程、物流工程（智慧供应链与运营管理）、电子商务专业）,669,2531,理科,本科批
天津大学,工科试验班（精仪与光电信息类）（含测控技术与仪器、电子科学与技术（光电子技术）、智能感知工程、光电信息科学与工程专业）,670,2384,理科,本科批
天津大学,工科试验班（智能与计算类）（含软件工程、计算机科学与技术、人工智能、网络空间安全专业；软件工程专业前2年收费标准为5800元/年，后2年收费标准为14000元/年，其余包含专业收费标准均为5800元/年）,673,1958,理科,本科批
天津大学,工科试验班（电气信息类）（含智能电网信息工程、电气工程及其自动化、自动化、通信工程、电子信息工程、物联网工程专业）,670,2384,理科,本科批
天津大学,医学技术类（新医科试验班）（含智能医学工程、临床医学、药学、生物医学工程专业；其中临床医学为5年制专业）,669,2531,理科,本科批
天津大学,分子科学与工程（天南大合办）,670,2384,理科,本科批
天津大学,人文科学试验班（含汉语言文学、英语、法学、教育学、马克思主义理论、金融学、工商管理、财务管理、建筑学、城乡规划专业）,634,635,文科,本科批
天津大学,工科试验班（电子科学技术类）（含电子科学与技术（微电子）、集成电路设计与集成系统专业）,670,2384,理科,本科批
天津大学,数学类（含数学与应用数学、数据科学与大数据技术、金融数学专业）,671,2234,理科,本科批
天津大学,建筑类（含建筑学、城乡规划、风景园林专业）,674,1811,理科,本科批
天津大学,理科试验班（生命科学类）,663,3633,理科,本科提前批
天津大学,经济管理试验班,665,3258,理科,本科提前批
天津大学,工科试验班（新材料与加工技术类）,662,3821,理科,本科提前批
天津大学,工科试验班（智能制造与建造）（其他备注及方向整理中）,664,3435,理科,本科提前批
天津大学,工科试验班（化工能源与生命医药类）,663,3633,理科,本科提前批
天津大学,理科试验班（地理学类）,662,3821,理科,本科提前批
天津大学,工科试验班（电气信息类）,664,3435,理科,本科提前批
天津大学,理科试验班（理化）,663,3633,理科,本科提前批
天津大学,工科试验班（环境与能源工程类）,662,3821,理科,本科提前批
天津大学,工科试验班（海洋类）,662,3821,理科,本科提前批
天津大学,工科试验班（高新舰船与海洋装备智能设计,663,3633,理科,本科提前批
华中科技大学,电气工程及其自动化,679,1215,理科,本科批
华中科技大学,自动化（自动化卓越计划实验班）,677,1437,理科,本科批
华中科技大学,电气工程及其自动化（启明本硕博实验班）,680,1113,理科,本科批
华中科技大学,土木类（智能化建造试验班，具体专业详见招生简章）（含智能建造专业）,667,2883,理科,本科批
华中科技大学,建筑类（智慧建筑规划试验班，包含专业见招生简章）（含建筑学专业）,668,2704,理科,本科批
华中科技大学,环境科学与工程类（智慧环境试验班，具体专业详见招生简章）（含环境工程专业）,666,3076,理科,本科批
华中科技大学,工商管理类（含工商管理（人力资源）、市场营销（数字化营销）、会计学（注册会计师）、财政学（税务）、财务管理专业）,670,2384,理科,本科批
华中科技大学,临床医学（启明本硕博实验班）,679,1215,理科,本科批
华中科技大学,电子信息工程（信息类数理提高班）,671,2234,理科,本科批
华中科技大学,电子信息类（光电学院（含光电信息科学与工程、集成电路设计与集成系统、电子科学与技术、微电子科学与工程专业））,674,1811,理科,本科批
华中科技大学,数学类（含数学与应用数学、信息与计算科学、统计学专业）,671,2234,理科,本科批
华中科技大学,人工智能（创新实验班）,681,1024,理科,本科批
华中科技大学,公共管理类（含公共事业管理、行政管理、公共事业管理（卫生事业管理）专业）,630,825,文科,本科批
华中科技大学,中国语言文学类（含汉语言文学、汉语国际教育专业）,633,677,文科,本科批
华中科技大学,临床医学类（含临床医学、口腔医学、儿科学、医学影像学专业）,673,1958,理科,本科批
华中科技大学,外国语言文学类（含英语、日语、德语、翻译、法语专业；只招英语，日语，德语，法语语种考生）,630,825,文科,本科批
华中科技大学,生物科学类（国家理科基地及新兴产业试验班，详见简章）（含生物科学专业）,667,2883,理科,本科批
华中科技大学,生物医学工程类（国家生命科学与技术人才试验班）（含生物医学工程、生物信息学专业）,667,2883,理科,本科批
华中科技大学,能源与动力工程（启明本硕博实验班）,666,3076,理科,本科批
华中科技大学,临床医学（本硕博贯通培养）,684,769,理科,本科批
华中科技大学,船舶与海洋工程（含智能船舶与海洋开发技,656,5280,理科,本科提前批
华中科技大学,土木类,659,4522,理科,本科提前批
华中科技大学,化学类,658,4750,理科,本科提前批
华中科技大学,水利水电工程,656,5280,理科,本科提前批
华中科技大学,环境科学与工程类,655,5561,理科,本科提前批
东南大学,生物医学工程（学制七年本硕连读）,668,2704,理科,本科批
东南大学,文科试验班类（含政治学与行政学、社会学、汉语言文学、旅游管理、哲学、国际经济与贸易、金融学、经济学、金融工程、法学、艺术史论专业）,633,677,文科,本科批
东南大学,计算机类（含计算机科学与技术、软件工程、网络空间安全、人工智能专业）,671,2234,理科,本科批
东南大学,工科试验班（机械能源材料类（含机械工程、能源与动力工程、建筑环境与能源应用工程、核工程与核技术、材料科学与工程专业））,666,3076,理科,本科批
东南大学,经济学类（含国际经济与贸易、金融学、经济学、金融工程专业）,667,2883,理科,本科批
东南大学,工科试验班（吴健雄班（含信息工程（等四年制工科各专业）专业））,676,1574,理科,本科批
东南大学,建筑类（含建筑学、城乡规划、风景园林专业）,676,1574,理科,本科批
东南大学,工商管理类（含信息管理与信息系统、电子商务、物流管理、工商管理、会计学、工业工程专业）,666,3076,理科,本科批
东南大学,电子信息类（含信息工程、电子科学与技术、生物医学工程、生物信息学专业）,671,2234,理科,本科批
东南大学,理科试验班（含数学与应用数学、信息与计算科学、统计学、应用物理学、物理学、化学、工程力学专业）,668,2704,理科,本科批
东南大学,工科试验班（自动化电气测控类）（含自动化、机器人工程、电气工程及其自动化、测控技术与仪器、智能感知工程专业）,669,2531,理科,本科批
东南大学,工科试验班（土木交通类）（含土木工程、给排水科学与工程、工程管理、交通工程、交通运输、港口航道与海岸工程、城市地下空间工程、道路桥梁与渡河工程、测绘工程、智能建造专业）,666,3076,理科,本科批
东南大学,工科试验班（机械能源材料类）,663,3633,理科,本科提前批
东南大学,经济学类,655,5561,理科,本科提前批
东南大学,工科试验班（土木交通类）,662,3821,理科,本科提前批
东南大学,计算机类,666,3076,理科,本科提前批
东南大学,工科试验班（环境化工生物类）,660,4291,理科,本科提前批
南开大学,工商管理类（含工商管理、人力资源管理、财务管理、会计学、会计学（国际会计）、市场营销、信息管理与信息系统、工业工程、物流管理、图书馆学、档案学、旅游管理、会展经济与管理专业；国际会计专业与加拿大特许专业会计师协会合作培养，主要专业课双语授课；工商管理专业核心课程采用全英文授课。学生可参与罗格斯大学、格拉斯哥大学等本硕双学位项目，加州大学伯克利分校等海外知名高校交流项目，及美国中佛罗里达大学迪士尼世界主题公园等教学实习项目）,645,291,文科,本科批
南开大学,经济学类（含经济学、国际经济与贸易、财政学、商务经济学专业）,676,1574,理科,本科批
南开大学,计算机类（信息科学与技术类试验班）（含电子信息科学与技术、电子科学与技术、通信工程、微电子科学与工程、光电信息科学与工程、计算机科学与技术、信息安全、物联网工程、自动化、智能科学与技术、软件工程专业；含人工智能、计算机、电子信息方向特色培养试点班，信息安全法学双学位试点班。相关专业含法国南特中央理工本硕衔接项目，以及海外知名高校的暑期学校和长短期交流项目）,673,1958,理科,本科批
南开大学,历史学类（含历史学、世界史、文物与博物馆学专业）,643,338,文科,本科批
南开大学,经济学类（含经济学、国际经济与贸易、财政学、商务经济学专业）,649,200,文科,本科批
南开大学,公共管理类（含政治学与行政学、行政管理、国际政治、社会学、社会工作、应用心理学、城市管理专业；PPE政经哲特色实验班为人文社科类最项尖专业之一；城市管理专业与英国格拉斯哥大学合作办学）,642,362,文科,本科批
南开大学,临床医学（5+3一体化）（仅录取填报该专业志愿的考生，本硕连读）,673,1958,理科,本科批
南开大学,法学,645,291,文科,本科批
南开大学,工商管理类（含工商管理、人力资源管理、财务管理、会计学、会计学（国际会计）、市场营销、信息管理与信息系统、工业工程、物流管理、图书馆学、档案学、旅游管理、会展经济与管理专业；国际会计专业与加拿大特许专业会计师协会合作培养，主要专业课双语授课；工商管理专业核心课程采用全英文授课。学生可参与罗格斯大学、拉斯哥大学等本硕双学位项目，伯克利分校等海外知名高校交流项目，及美国中佛罗里达大学迪士尼世界主题公园等教学实习项目）,674,1811,理科,本科批
南开大学,金融学类（含金融学、保险学、金融工程、投资学、精算学专业）,652,150,文科,本科批
南开大学,理科试验班（数理科学与大数据（含数学与应用数学、信息与计算科学、物理学、光电信息科学与工程、应用物理学数据科学与大数据技术、统计学专业；成绩优异、满足条件者可本硕博贯通培养；部分主干课程英文授课。相关专业含威斯康星大学麦迪逊分校3+2、德州农工大学3+2、伊利诺伊大学厄巴纳香槟分校3+2、新加坡国立大学3+2、根特大学3+2等国际联合培养项目，含有包括哈佛大学、耶鲁大学在内的50余个海外科研实习基地））,677,1437,理科,本科批
南开大学,金融学类（含金融学、保险学、金融工程、投资学、精算学专业）,681,1024,理科,本科批
南开大学,中国语言文学类（含汉语言文学、编辑出版学、广播电视学、汉语国际教育专业；国家文科基础学二科人才培养和科学研究优秀基地，国家级一流本科专业，中国语言文学博士一级学科；汉语国际教育为八大国家对外汉语教学基地之一。各专业均有与海外名校的交流项目）,642,362,文科,本科批
南开大学,哲学类,628,926,文科,本科提前批
南开大学,理科试验班类（物质科学与可持续发展）（其他备注及方向整理中）,667,2883,理科,本科提前批
南开大学,工商管理类,670,2384,理科,本科提前批
南开大学,法学,625,1088,文科,本科提前批
南开大学,外国语言文学类（专业志愿）,639,438,文科,本科提前批
南开大学,马克思主义理论类（专业志愿）,639,438,文科,本科提前批
中山大学,预防医学,664,3435,理科,本科批
中山大学,临床医学,675,1694,理科,本科批
中山大学,汉语言文学（珠海）,642,362,文科,本科批
中山大学,历史学,639,438,文科,本科批
中山大学,环境科学与工程类（含环境科学、环境工程专业）,668,2704,理科,本科批
中山大学,药学,665,3258,理科,本科批
中山大学,农学（深圳）（入校后不得转专业）（单列专业）,631,14193,理科,本科批
中山大学,外国语言文学类（珠海）（含英语、阿拉伯语、西班牙语、朝鲜语、俄语专业）,638,460,文科,本科批
中山大学,旅游管理类（含旅游管理、会展经济与管理专业）,643,338,文科,本科批
中山大学,口腔医学,674,1811,理科,本科批
中山大学,经济学类（珠海）（含经济学、金融学、工商管理、会计学专业）,645,291,文科,本科批
中山大学,生物科学类（含生物科学、生物技术、生态学专业）,671,2234,理科,本科批
中山大学,计算机类（广州）（含计算机科学与技术、网络空间安全、信息与计算科学、软件工程专业）,673,1958,理科,本科批
中山大学,航空航天类（含航空航天工程、理论与应用力学专业）,664,3435,理科,本科批
中山大学,临床医学（深圳）,673,1958,理科,本科批
中山大学,哲学（珠海）,638,460,文科,本科批
中山大学,法学,642,362,文科,本科批
中山大学,工商管理类（含工商管理、会计学专业）,646,258,文科,本科批
中山大学,智能科学与技术（珠海）,666,3076,理科,本科批
中山大学,经济学类（广州）（含国际商务、管理科学、金融学、经济学专业）,673,1958,理科,本科批
中山大学,历史学,619,1468,文科,本科提前批
中山大学,汉语言文学（珠海）,618,1547,文科,本科提前批
中山大学,预防医学,657,5030,理科,本科提前批
中山大学,生态学（深圳）,659,4522,理科,本科提前批
中山大学,电子信息类（深圳）,658,4750,理科,本科提前批
中山大学,遥感科学与技术（珠海）,661,4051,理科,本科提前批
中山大学,临床医学（深圳）,656,5280,理科,本科提前批
中山大学,材料类（深圳）,655,5561,理科,本科提前批
中山大学,哲学（珠海）,620,1396,文科,本科提前批
中山大学,物理学类（广州）,661,4051,理科,本科提前批
中山大学,地质学类,659,4522,理科,本科提前批
中山大学,药学,659,4522,理科,本科提前批
中山大学,化学工程与工艺,656,5280,理科,本科提前批
武汉大学,计算机类（国家网络安全学院）（含信息安全（国家级一流本科专业）、网络空间安全专业）,676,1574,理科,本科批
武汉大学,数学类（含数学与应用数学（国家级一流本科专业）、信息与计算科学、统计学、数据科学与大数据技术专业）,675,1694,理科,本科批
武汉大学,计算机类（计算机学院，卓越工程师教育培养计划）（含计算机科学与技术（国家级一流本科专业）、人工智能、软件工程专业）,677,1437,理科,本科批
武汉大学,理科试验班（资源与环境类）（含地理信息科学（国家级一流本科专业）、环境科学、地理科学、人文地理与城乡规划、土地资源管理（国家级一流本科专业）、环境工程（卓越工程师教育培养计划）专业）,671,2234,理科,本科批
武汉大学,口腔医学（五年制，国家级一流本科专业）,677,1437,理科,本科批
武汉大学,理科试验班（弘毅学堂）（含数学与应用数学、物理学、化学、生物科学专业；基础学科拔尖学生培养试验计划）,681,1024,理科,本科批
武汉大学,公共管理类（含行政管理、公共事业管理、劳动与社会保障（国家级一流本科专业）专业）,647,237,文科,本科批
武汉大学,临床医学（八年制，国家级一流本科专业）（八年一贯制）,674,1811,理科,本科批
武汉大学,物理学类（含物理学（国家级一流本科专业）、材料物理、微电子科学与工程专业）,674,1811,理科,本科批
武汉大学,历史学类（含历史学（国家级一流本科专业）、世界史、考古学专业）,646,258,文科,本科批
武汉大学,药学类（含药学、生物制药专业）,671,2234,理科,本科批
武汉大学,社会科学试验班（信息管理类）（含图书馆学（国家级一流本科专业）、档案学、信息管理与信息系统、电子商务、编辑出版学（国家级一流本科专业）专业）,670,2384,理科,本科批
武汉大学,轻工类（卓越工程师教育培养计划）（含印刷工程（国家级一流本科专业）、包装工程专业）,672,2080,理科,本科批
武汉大学,电子信息类（卓越工程师教育培养计划（含电子信息工程（国家级一流本科专业）、通信工程、电波传播与天线、电子信息科学与技术、测控技术与仪器、光电信息科学与工程专业））,674,1811,理科,本科批
武汉大学,工商管理类（含工程管理、物流管理、工商管理、市场营销（国家级一流本科专业）、会计学、财务管理、人力资源管理专业）,648,217,文科,本科批
武汉大学,遥感科学与技术（国家级一流本科专业）（含遥感科学与技术、地理国情监测、空间信息与数字技术，色弱、色盲及肢体残疾不宜报考）,675,1694,理科,本科批
武汉大学,测绘类（卓越工程师教育培养计划）（含测绘工程（国家级一流本科专业）、导航工程专业；色弱、色盲及肢体残疾不宜报考）,673,1958,理科,本科批
武汉大学,工科试验班（一流学科群，卓越工程师教育培养计划）（含自动化、机械设计制造及其自动化（国家级一流本科专业）、材料成型及控制工程、金属材料工程、能源与动力工程、能源化学工程、核工程与核技术、工程力学、农业水利工程、水文与水资源工程、港口航道与海岸工程、给排水科学与工程、水利水电工程（国家级一流本科专业）、土木工程（国家级一流本科专业）、电气工程及其自动化（国家级一流本科专业）专业；色弱、色盲不宜报考电气工程及其自动化专业）,670,2384,理科,本科批
武汉大学,法学（卓越法治人才教育培养计划）（国家级一流本科专业）,652,150,文科,本科批
武汉大学,外国语言文学类（含英语、法语（国家级一流本科专业）、德语、日语、西班牙语、俄语、翻译专业；口吃不宜报考）,648,217,文科,本科批
武汉大学,测绘类（卓越工程师教育培养计划）,663,3633,理科,本科提前批
武汉大学,外国语言文学类,629,881,文科,本科提前批
武汉大学,理科试验班（资源与环境类）,666,3076,理科,本科提前批
武汉大学,公共管理类,624,1133,文科,本科提前批
武汉大学,工科试验班（一流学科群，卓越工程师教育,666,3076,理科,本科提前批
厦门大学,物理学类（含物理学、天文学专业）,664,3435,理科,本科批
厦门大学,法学类（含法学专业）,640,405,文科,本科批
厦门大学,工商管理类（含人力资源管理、工商管理、市场营销、旅游管理、酒店管理专业）,642,362,文科,本科批
厦门大学,公共管理类（含政治学与行政学、行政管理专业）,638,460,文科,本科批
厦门大学,海洋科学类（含海洋科学、海洋技术专业）,663,3633,理科,本科批
厦门大学,生物科学类（含生物科学、生物技术专业）,664,3435,理科,本科批
厦门大学,计算机类（含计算机科学与技术、网络空间安全、人工智能、通信工程专业）,666,3076,理科,本科批
厦门大学,土木类（含土木工程、工程管理专业）,663,3633,理科,本科批
厦门大学,工科试验班（含机械设计制造及其自动化、测控技术与仪器、电气工程及其自动化、自动化、飞行器设计与工程、飞行器动力工程专业；学生入学后专业分流前学费5460元/学年；专业分流后到飞行器动力工程、飞行器设计与工程专业学费6760元/学年，分流到其他专业学费5460元/学年）,664,3435,理科,本科批
厦门大学,化学工程与工艺（含化学工程与工艺、生物工程专业）,664,3435,理科,本科批
厦门大学,数学类（含数学与应用数学、统计学、信息与计算科学专业）,666,3076,理科,本科批
厦门大学,社会学类（含社会工作、社会学、人类学专业）,637,507,文科,本科批
厦门大学,经济学类（含金融学、金融工程、保险学、财政学、税收学、国际经济与贸易、国际商务、经济学、经济统计学专业）,668,2704,理科,本科批
厦门大学,环境科学与工程类（含环境科学、生态学、环境生态工程专业）,663,3633,理科,本科批
厦门大学,材料类（含材料科学与工程专业）,663,3633,理科,本科批
厦门大学,化学类（含化学、能源化学、化学生物学专业）,666,3076,理科,本科批
厦门大学,数据科学与大数据技术,668,2704,理科,本科批
厦门大学,经济学类（含金融学、金融工程、保险学、财政学、税收学、国际经济与贸易、国际商务、经济学、经济统计学专业）,637,507,文科,本科批
厦门大学,会计学（含会计、财务）（含会计学、财务管理专业）,641,383,文科,本科批
厦门大学,统计学类（含统计学专业；招收的考生全部进入统计学国际化专业建设计划，专业课程采用全英文授课）,668,2704,理科,本科批
厦门大学,会计学,628,926,文科,本科提前批
厦门大学,材料类,659,4522,理科,本科提前批
厦门大学,国际商务（厦门大学马来西亚分校招生专业）,587,40563,理科,本科提前批
厦门大学,数学与应用数学（厦门大学马来西亚分校招,613,23347,理科,本科提前批
厦门大学,公共管理类,625,1088,文科,本科提前批
厦门大学,金融学（厦门大学马来西亚分校招生专业）,610,2336,文科,本科提前批
厦门大学,海洋科学（厦门大学马来西亚分校招生专业）,582,44275,理科,本科提前批
厦门大学,化学工程与工艺（厦门大学马来西亚分校招,575,49746,理科,本科提前批
厦门大学,新闻学（厦门大学马来西亚分校招生专业）,606,2830,文科,本科提前批
厦门大学,海洋技术（厦门大学马来西亚分校招生专业）,566,57090,理科,本科提前批
厦门大学,新闻学（厦门大学马来西亚分校招生专业）,608,26325,理科,本科提前批
厦门大学,金融学（厦门大学马来西亚分校招生专业）,601,30764,理科,本科提前批
厦门大学,会计学（厦门大学马来西亚分校招生专业）,596,34128,理科,本科提前批
厦门大学,数字媒体技术（厦门大学马来西亚分校招生,582,44275,理科,本科提前批
厦门大学,新能源科学与工程（厦门大学马来西亚分校,577,48153,理科,本科提前批
厦门大学,生物科学类,657,5030,理科,本科提前批
厦门大学,广告学（厦门大学马来西亚分校招生专业）,581,45020,理科,本科提前批
厦门大学,药学,654,5838,理科,本科提前批
厦门大学,英语（厦门大学马来西亚分校招生专业）,601,3513,文科,本科提前批
厦门大学,软件工程（厦门大学马来西亚分校招生专业）,586,41321,理科,本科提前批
北京师范大学,化学,675,1694,理科,本科批
北京师范大学,心理学,680,1113,理科,本科批
北京师范大学,汉语言文学,650,185,文科,本科批
北京师范大学,历史学,647,237,文科,本科批
北京师范大学,数学与应用数学,678,1326,理科,本科批
北京师范大学,生物科学类（含生物科学、生物技术、生态学专业）,674,1811,理科,本科批
北京师范大学,人文科学试验班（含哲学、汉语言文学、历史学专业）,651,166,文科,本科批
北京师范大学,社会学,647,237,文科,本科批
北京师范大学,地理科学类（基地班）（含自然地理与资源环境、人文地理与城乡规划、地理信息科学专业）,676,1574,理科,本科批
北京师范大学,教育学类（国家试点学院）（含教育学、教育技术学、学前教育、特殊教育专业）,681,1024,理科,本科批
北京师范大学,英语（只招英语语种考生）,677,1437,理科,本科批
北京师范大学,传播学（网络新媒体方向）,649,200,文科,本科批
北京师范大学,政治学、经济学与哲学,650,185,文科,本科批
北京师范大学,计算机科学与技术,677,1437,理科,本科批
北京师范大学,法学（瀚德实验班2班）（仅招有专业志愿者，多数专业课程全英文授课，入校后第二外语为葡萄牙语）,648,217,文科,本科批
北京师范大学,教育学类（国家试点学院）（含教育学、教育技术学、学前教育、特殊教育专业）,652,150,文科,本科批
北京师范大学,理科试验班（含数学与应用数学、物理学、化学、生物科学专业）,685,707,理科,本科批
北京师范大学,国际经济与贸易（瀚德实验班1班）（仅招有专业志愿者，多数专业课程全英文授课，入校后第二外语为法语）,674,1811,理科,本科批
北京师范大学,物理学（基地班）,675,1694,理科,本科批
北京师范大学,统计学,681,1024,理科,本科批
北京师范大学,数学与应用数学,665,3258,理科,本科提前批
北京师范大学,英语,628,926,文科,本科提前批
北京师范大学,环境科学与工程类,661,4051,理科,本科提前批
北京师范大学,物理学（基地班）,669,2531,理科,本科提前批
北京师范大学,教育学类（国家试点学院）,630,825,文科,本科提前批
北京师范大学,金融学,666,3076,理科,本科提前批
吉林大学,朝鲜语,624,1133,文科,本科批
吉林大学,哲学,625,1088,文科,本科批
吉林大学,车辆工程,653,6125,理科,本科批
吉林大学,法学,655,5561,理科,本科批
吉林大学,法学,630,825,文科,本科批
吉林大学,汉语言文学,626,1027,文科,本科批
吉林大学,口腔医学（5+3一体化）,653,6125,理科,本科批
吉林大学,管理科学与工程类（含信息管理与信息系统、工程管理、物流管理、大数据管理与应用）,648,7686,理科,本科批
吉林大学,生物工程类（含生物工程、生物制药、药物制剂）,648,7686,理科,本科批
吉林大学,经济学类（含经济学、财政学、金融学、国际经济与贸易）,653,6125,理科,本科批
吉林大学,交通运输类（含交通运输、交通工程、汽车服务工程、道路桥梁与渡河工程、物流工程）,648,7686,理科,本科批
吉林大学,材料类（含材料科学与工程、无机非金属材料工程、材料成型及控制工程）,649,7343,理科,本科批
吉林大学,水利类（含水文与水资源工程、地下水科学与工程）,649,7343,理科,本科批
吉林大学,社会学类（含社会学、社会工作、劳动与社会保障）,625,1088,文科,本科批
吉林大学,人工智能,655,5561,理科,本科批
吉林大学,生物科学类（含生物科学、生物技术）,651,6724,理科,本科批
吉林大学,新闻传播学类（含新闻学、广告学）,625,1088,文科,本科批
吉林大学,通信工程（含通信工程、信息工程、空间信息与数字技术）,651,6724,理科,本科批
吉林大学,化学类（含化学、应用化学、材料化学、高分子材料与工程、化学工程与工艺）,652,6430,理科,本科批
吉林大学,临床医学（5+3一体化）（二院）,659,4522,理科,本科批
吉林大学,动物医学,630,14623,理科,本科提前批
吉林大学,食品科学与工程类,635,12472,理科,本科提前批
吉林大学,理科试验班（唐敖庆班）（专业志愿）,662,3821,理科,本科提前批
吉林大学,经济学类（经济学院）,620,1396,文科,本科提前批
吉林大学,管理科学与工程类（管理学院）,638,11231,理科,本科提前批
吉林大学,农业机械化及其自动化,637,11658,理科,本科提前批
四川大学,核工程与核技术,659,4522,理科,本科批
四川大学,药学,657,5030,理科,本科批
四川大学,哲学,659,4522,理科,本科批
四川大学,土木工程,658,4750,理科,本科批
四川大学,高分子材料与工程,659,4522,理科,本科批
四川大学,电子信息类（含电子信息工程、光电信息科学与工程、通信工程专业）,661,4051,理科,本科批
四川大学,材料类（含新能源材料与器件、材料科学与工程专业）,658,4750,理科,本科批
四川大学,自动化,660,4291,理科,本科批
四川大学,计算机类（含计算机科学与技术、物联网工程、人工智能专业）,664,3435,理科,本科批
四川大学,会计学（ACCA）（1、除正常学费及住宿费以外，需另交ACCA专项培训费7600元/人/年（不包括ACCA注册费、全球统一考试费、教材费、ACCA年费等）；2、该专业学习对外语和数学要求较高；3、不进行调剂录取）,634,635,文科,本科批
四川大学,生物科学类（含生物科学、生态学专业）,660,4291,理科,本科批
四川大学,化学类（含化学、应用化学、化学（基地班）专业）,659,4522,理科,本科批
四川大学,信息资源管理,630,825,文科,本科批
四川大学,公共管理类（含行政管理、劳动与社会保障、土地资源管理专业）,658,4750,理科,本科批
四川大学,日语（只招英语，日语语种考生）,631,775,文科,本科批
四川大学,马克思主义理论,632,730,文科,本科批
四川大学,工商管理类（含市场营销、财务管理、人力资源管理专业）,661,4051,理科,本科批
四川大学,工科试验班（绿色化工与生物医药）（含化学工程与工艺、制药工程、生物工程专业）,657,5030,理科,本科批
四川大学,卫生检验与检疫,658,4750,理科,本科批
四川大学,网络空间安全,663,3633,理科,本科批
四川大学,土木工程,649,7343,理科,本科提前批
四川大学,工科试验班（绿色化工与生物医药）,651,6724,理科,本科提前批
四川大学,工科试验班（生物质加工利用工程）,650,7007,理科,本科提前批
四川大学,历史学类,621,1336,文科,本科提前批
四川大学,法学,622,1268,文科,本科提前批
湖南大学,国际经济与贸易,629,881,文科,本科批
湖南大学,自动化,652,6430,理科,本科批
湖南大学,材料科学与工程,651,6724,理科,本科批
湖南大学,国际经济与贸易,653,6125,理科,本科批
湖南大学,通信工程,653,6125,理科,本科批
湖南大学,英语（只招英语语种考生）,629,881,文科,本科批
湖南大学,工商管理（可分流至工商管理、市场营销、财务管理（金融工程））,629,881,文科,本科批
湖南大学,化学工程与工艺,651,6724,理科,本科批
湖南大学,工商管理（可分流至工商管理、市场营销、财务管理（金融工程））,653,6125,理科,本科批
湖南大学,生物技术,651,6724,理科,本科批
湖南大学,统计学类（含统计学、经济统计学专业；可分流至统计学、经济统计学）,651,6724,理科,本科批
湖南大学,经济学类（含经济学、财政学专业；可分流至经济学、财政学）,655,5561,理科,本科批
湖南大学,人文科学试验班（含汉语言文学、历史学专业；可分流至历史学、汉语言文学专业）,628,926,文科,本科批
湖南大学,化学类（含化学、应用化学专业；可分流至化学、应用化学）,653,6125,理科,本科批
湖南大学,行政管理,651,6724,理科,本科批
湖南大学,机械类（含机械设计制造及其自动化、车辆工程、工业工程、工程力学专业；工程力学（力学实验班）、机械设计制造及其自动化（智能制造实验班）、车辆工程（智能网联汽车实验班））,652,6430,理科,本科批
湖南大学,电子商务（可分流至电子商务、信息管理与信息系统）,651,6724,理科,本科批
湖南大学,土木类（含土木工程、工程管理专业；可分流至土木工程、工程管理）,651,6724,理科,本科批
湖南大学,环境科学与工程类（含环境工程、环境科学专业；可分流至环境科学、环境工程）,650,7007,理科,本科批
湖南大学,电子信息工程,654,5838,理科,本科批
湖南大学,化学类,646,8341,理科,本科提前批
湖南大学,机械类,646,8341,理科,本科提前批
湖南大学,给排水科学与工程,643,9339,理科,本科提前批
湖南大学,建筑环境与能源应用工程,644,8965,理科,本科提前批
湖南大学,环境科学与工程类,644,8965,理科,本科提前批
山东大学,电气工程及其自动化,658,4750,理科,本科批
山东大学,机械类（含机械设计制造及其自动化、智能制造工程专业）,655,5561,理科,本科批
山东大学,公共管理类（含行政管理专业）,629,881,文科,本科批
山东大学,口腔医学（5+3一体化）,667,2883,理科,本科批
山东大学,电子信息类（微电子与电路集成方向）（含微电子科学与工程、集成电路设计与集成系统专业）,656,5280,理科,本科批
山东大学,网络空间安全,657,5030,理科,本科批
山东大学,自动化类（含自动化、生物医学工程专业）,656,5280,理科,本科批
山东大学,建筑学（五年制）,656,5280,理科,本科批
山东大学,计算机类（软件数媒与大数据方向）（含软件工程、数字媒体技术、数据科学与大数据技术专业）,657,5030,理科,本科批
山东大学,经济学类（含经济学、财政学、金融学、国际经济与贸易专业）,660,4291,理科,本科批
山东大学,历史学类（含历史学、考古学、档案学专业）,630,825,文科,本科批
山东大学,护理学（只招收有专业志愿的考生）,610,25064,理科,本科批
山东大学,新闻传播学类（含新闻学专业）,630,825,文科,本科批
山东大学,社会学类（含社会学、社会工作、人类学专业）,629,881,文科,本科批
山东大学,计算机类（计算机与智能方向）（含计算机科学与技术、人工智能专业）,660,4291,理科,本科批
山东大学,物理学类（含物理学、应用物理学专业）,659,4522,理科,本科批
山东大学,法学类（含法学专业）,634,635,文科,本科批
山东大学,工商管理类（含工商管理、会计学专业）,633,677,文科,本科批
山东大学,材料类（含材料科学与工程、材料成型及控制工程专业）,655,5561,理科,本科批
山东大学,化学类（含化学、应用化学、化学工程与工艺专业）,655,5561,理科,本科批
山东大学,临床医学（五年制）,655,5561,理科,本科提前批
山东大学,马克思主义理论,625,1088,文科,本科提前批
山东大学,自动化类,655,5561,理科,本科提前批
山东大学,电子信息类（通信电子与光电方向）,661,4051,理科,本科提前批
中南大学,临床医学类（临床及口腔五年制医学类）（含临床医学（五年制）、口腔医学（五年制）、麻醉学专业）,668,2704,理科,本科批
中南大学,金融学类（经济管理类）（含国际经济与贸易、金融学、工商管理、会计学、行政管理、劳动与社会保障专业）,656,5280,理科,本科批
中南大学,公共卫生与预防医学类（非临床五年制医学类）（含预防医学、基础医学、临床药学专业）,665,3258,理科,本科批
中南大学,计算机类（计算机信息类）（含计算机科学与技术、信息安全、物联网工程、通信工程、数据科学与大数据技术专业）,657,5030,理科,本科批
中南大学,中国语言文学类（含汉语言文学、数字出版、广播电视学专业）,626,1027,文科,本科批
中南大学,外国语言文学类（含英语、法语、日语、西班牙语专业）,625,1088,文科,本科批
中南大学,法学类（含社会学、法学专业）,627,975,文科,本科批
中南大学,机械类（含机械设计制造及其自动化、车辆工程、微电子科学与工程专业）,651,6724,理科,本科批
中南大学,能源动力类（能源类）（含能源与动力工程、新能源科学与工程、建筑环境与能源应用工程专业）,651,6724,理科,本科批
中南大学,化工与制药类（化学生物环境类）（含应用化学、化学工程与工艺、程、生物工程、生物技术专业）,650,7007,理科,本科批
中南大学,自动化类（自动化与电气类）（含电气工程及其自动化、自动化、测控技术与仪器、电子信息工程、智能科学与技术专业）,653,6125,理科,本科批
中南大学,交通运输类（含交通运输、交通设备与控制工程、轨道交通信号与控制专业）,650,7007,理科,本科批
中南大学,航空航天类（含航空航天工程、探测制导与控制技术专业）,652,6430,理科,本科批
中南大学,材料科学与工程（中外合作办学）,635,12472,理科,本科批
中南大学,土木类（土木安全类）（含土木工程、铁道工程、工程力学、消防工程、工程管理、城市地下空间工程、安全工程专业）,650,7007,理科,本科批
中南大学,软件工程,654,5838,理科,本科批
中南大学,临床医学（八年制）,680,1113,理科,本科批
中南大学,数学类（数学物理类）（含数学与应用数学、信息与计算科学、统计学、应用物理学专业）,652,6430,理科,本科批
中南大学,土木工程（中外合作办学）,633,13339,理科,本科批
中南大学,建筑类（建筑城规类）（含建筑学、城乡规划专业）,651,6724,理科,本科批
中南大学,英语,616,1712,文科,本科提前批
中南大学,测绘工程,645,8674,理科,本科提前批
中南大学,英语,646,8341,理科,本科提前批
中南大学,地理信息科学,640,10452,理科,本科提前批
中南大学,能源与动力工程,648,7686,理科,本科提前批
中南大学,劳动与社会保障,615,1820,文科,本科提前批
中南大学,法医学,641,10082,理科,本科提前批
中南大学,环境工程,644,8965,理科,本科提前批
中南大学,社会学,615,1820,文科,本科提前批
华南理工大学,建筑学,667,2883,理科,本科批
华南理工大学,信息工程,662,3821,理科,本科批
华南理工大学,经济学类,623,1198,文科,本科批
华南理工大学,软件工程（卓越班）,666,3076,理科,本科批
华南理工大学,新闻传播学类,621,1336,文科,本科批
华南理工大学,微电子科学与工程,663,3633,理科,本科批
华南理工大学,传播学（2加2联合班）,621,1336,文科,本科批
华南理工大学,应用物理学（严济慈英才班）,666,3076,理科,本科批
华南理工大学,经济学（创新班）,627,975,文科,本科批
华南理工大学,数学类,662,3821,理科,本科批
华南理工大学,生物医学工程,660,4291,理科,本科批
华南理工大学,经济学（创新班）,665,3258,理科,本科批
华南理工大学,法学（卓越法律班）,625,1088,文科,本科批
华南理工大学,材料类,660,4291,理科,本科批
华南理工大学,土木类,660,4291,理科,本科批
华南理工大学,电气类,661,4051,理科,本科批
华南理工大学,工商管理类,662,3821,理科,本科批
华南理工大学,机械工程（卓越双语班）,660,4291,理科,本科批
华南理工大学,传播学（2加2联合班）,661,4051,理科,本科批
华南理工大学,交通运输类,660,4291,理科,本科批
华南理工大学,土木类,653,6125,理科,本科提前批
华南理工大学,交通运输类,653,6125,理科,本科提前批
华南理工大学,生物科学类,650,7007,理科,本科提前批
华南理工大学,材料类,650,7007,理科,本科提前批
华南理工大学,机械类,655,5561,理科,本科提前批
华南理工大学,电子商务类,659,4522,理科,本科提前批
华南理工大学,化工与制药类,650,7007,理科,本科提前批
北京理工大学,工科试验班（宇航与机电类）（含飞行器设计与工程、飞行器动力工程、航空航天工程、武器发射工程、探测制导与控制技术、工程力学、武器系统与工程、弹药工程与爆炸技术、特种能源技术与工程、安全工程、机械电子工程专业）,682,922,理科,本科批
北京理工大学,理科试验班（徐特立英才班（含飞行器设计与工程、飞行器动力工程、航空航天工程、武器发射工程、探测制导与控制技术、工程力学、武器系统与工程、弹药工程与爆炸技术、特种能源技术与工程、安全工程、机械电子工程、车辆工程、装甲车辆工程、能源与动力工程、机械工程、工业工程、智能制造工程、光电信息科学与工程、测控技术与仪器、自动化、电气工程及其自动化、计算机科学与技术、物联网工程、软件工程、人工智能、数据科学与大数据技术、网络空间安全、电子信息工程、电子科学与技术、通信工程、信息对抗技术、材料科学与工程、材料成型及控制工,686,652,理科,本科批
北京理工大学,工科试验班（智能制造与车辆实验班）（含车辆工程、装甲车辆工程、能源与动力工程、机械工程、工业工程、智能制造工程专业）,682,922,理科,本科批
北京理工大学,工科试验班（电子信息实验班）（含电子信息工程、电子科学与技术、通信工程、信息对抗技术专业）,682,922,理科,本科批
北京理工大学,工科试验班（信息科学技术）（含光电信息科学与工程、测控技术与仪器、自动化、电气工程及其自动化、计算机科学与技术、物联网工程、软件工程、人工智能、数据科学与大数据技术、网络空间安全专业）,683,850,理科,本科批
北京理工大学,经济管理试验班（含信息管理与信息系统、工商管理、市场营销、会计学、国际经济与贸易专业）,682,922,理科,本科批
北京理工大学,社会科学试验班（精品文科班（含经济学、社会工作、法学、英语、日语、德语、西班牙语专业；其中，英语、日语、德语、西班牙语专业方向学费为6000元/年））,632,730,文科,本科批
北京理工大学,理科试验班（理学与材料菁英班）（其他备注及方向整理中）,670,2384,理科,本科提前批
北京理工大学,工科试验班（智能制造与车辆实验班）,672,2080,理科,本科提前批
北京理工大学,会计学（中外合作办学）,652,6430,理科,本科提前批
大连理工大学,船舶与海洋工程,653,6125,理科,本科批
大连理工大学,机械设计制造及其自动化,658,4750,理科,本科批
大连理工大学,生物工程,653,6125,理科,本科批
大连理工大学,车辆工程（英语强化）（非英语语种考生慎重报考）,654,5838,理科,本科批
大连理工大学,计算机类（中外合作办学）（含软件工程（中外合作办学）、数字媒体技术（中外合作办学）专业；大连理工大学立命馆大学国际信息与软件学院；非英语语种考生慎重报考。就读大连开发区校区）,641,10082,理科,本科批
大连理工大学,机械设计制造及其自动化（日语强化）（非英语语种考生慎重报考）,655,5561,理科,本科批
大连理工大学,日语（只招英语语种考生）,617,1623,文科,本科批
大连理工大学,电子科学与技术（含电子科学与技术、集成电路设计与集成系统。非英语语种考生慎重报考。就读大连开发区校区）,659,4522,理科,本科批
大连理工大学,化工与制药类（化工、制药与新材料工科实验班）（含化学工程与工艺、化学工程与工艺（国际班）、制药工程、高分子材料与工程专业）,653,6125,理科,本科批
大连理工大学,工程力学（含工程力学、飞行器设计与工程）,659,4522,理科,本科批
大连理工大学,机械设计制造及其自动化（创新班）,662,3821,理科,本科批
大连理工大学,工商管理类（经济管理实验班）（含工商管理、物流管理、金融学、国际经济与贸易、信息管理与信息系统专业）,654,5838,理科,本科批
大连理工大学,工程力学（钱令希力学创新班）,661,4051,理科,本科批
大连理工大学,机械设计制造及其自动化（中外合作办学）（大连理工大学加州大学欧文分校中美联合学院。非英语语种考生慎重报考）,627,16046,理科,本科批
大连理工大学,环境科学与工程类（含环境工程、环境科学专业）,653,6125,理科,本科批
大连理工大学,化工与制药类（创新班）（含化学工程与工艺、制药工程、高分子材料与工程专业）,661,4051,理科,本科批
大连理工大学,能源与动力工程,656,5280,理科,本科批
大连理工大学,应用化学（张大煜化学基础科学班、理学）,659,4522,理科,本科批
大连理工大学,光电信息科学与工程（含光电信息科学与工程、测控技术与仪器）,657,5030,理科,本科批
大连理工大学,土木类（含土木工程、土木工程（国际班）、工程管理、建筑环境与能源应用工程、交通工程、水利水电工程、港口航道与海岸工程、海洋资源开发技术专业）,653,6125,理科,本科批
大连理工大学,生物工程,654,5838,理科,本科提前批
大连理工大学,建筑类,654,5838,理科,本科提前批
大连理工大学,工商管理类（经济管理实验班）,649,7343,理科,本科提前批
大连理工大学,车辆工程（英语强化）,649,7343,理科,本科提前批
西北工业大学,机械类（航宇智能制造试验班（含飞行器制造工程、机械设计制造及其自动化、机械电子工程、工业设计、微机电系统工程、工业工程专业））,662,3821,理科,本科批
西北工业大学,管理科学与工程类（管理试验班（含信息管理与信息系统、工程管理专业））,661,4051,理科,本科批
西北工业大学,航空航天类（黄玉珊航空班）（含飞行器设计与工程专业；大师引领）,672,2080,理科,本科批
西北工业大学,建筑学,660,4291,理科,本科批
西北工业大学,经济与贸易类（国贸与法学）（含国际经济与贸易、法学专业）,621,1336,文科,本科批
西北工业大学,物理学类（含应用物理学、材料物理、光电信息科学与工程专业）,661,4051,理科,本科批
西北工业大学,电子信息类（含电子信息工程、电子科学与技术、通信工程、电磁场与无线技术、探测制导与控制技术、微电子科学与工程专业）,662,3821,理科,本科批
西北工业大学,计算机类（卓越班）（含飞行器设计与工程、飞行器动力工程、飞行器控制与信息工程、工程力学、船舶与海洋工程、水声工程、信息工程、飞行器制造工程、材料科学与工程、高分子材料与工程、机械设计制造及其自动化、机械电子工程、微机电系统工程、电子信息工程、通信工程、自动化、探测制导与控制技术、计算机科学与技术、人工智能专业；本研衔接培养）,669,2531,理科,本科批
西北工业大学,材料类（拔尖班）（含材料科学与工程、高分子材料与工程、化学工程与工艺专业；本研衔接培养）,666,3076,理科,本科批
西北工业大学,能源动力类（航空动力与新能源试验班（含飞行器动力工程、能源与动力工程专业））,660,4291,理科,本科批
西北工业大学,数学类（含数学与应用数学、信息与计算科学、统计学专业）,660,4291,理科,本科批
西北工业大学,航空航天类（飞天班）（含航空航天工程专业；本研衔接培养）,670,2384,理科,本科批
西北工业大学,工商管理类（管理试验班（含工商管理、市场营销、会计学专业））,660,4291,理科,本科批
西北工业大学,外国语言文学类（含英语、德语专业）,619,1468,文科,本科批
西北工业大学,航空航天类（卓越班）（含飞行器设计与工程、飞行器动力工程、飞行器控制与信息工程、工程力学、船舶与海洋工程、水声工程、信息工程、飞行器制造工程、材料科学与工程、高分子材料与工程、机械设计制造及其自动化、机械电子工程、微机电系统工程、电子信息工程、通信工程、自动化、探测制导与控制技术、计算机科学与技术、人工智能专业；本研衔接培养）,670,2384,理科,本科批
西北工业大学,力学类（工程应用力学试验班（含工程力学、土木工程专业））,660,4291,理科,本科批
西北工业大学,计算机类（含计算机科学与技术、数据科学与大数据技术、人工智能、物联网工程、软件工程、信息安全、网络空间安全、保密管理专业）,664,3435,理科,本科批
西北工业大学,自动化类（含自动化、电气工程及其自动化、机器人工程专业）,662,3821,理科,本科批
西北工业大学,海洋工程类（智慧海洋试验班）（含船舶与海洋工程、水声工程、信息工程专业）,661,4051,理科,本科批
西北工业大学,材料类（新材料与化工试验班）（含材料科学与工程、材料成型及控制工程、复合材料与工程、高分子材料与工程、化学工程与工艺专业）,660,4291,理科,本科批
西北工业大学,自动化类,660,4291,理科,本科提前批
西北工业大学,高分子材料与工程（中外合作办学）,632,13750,理科,本科提前批
西北工业大学,材料科学与工程（中外合作办学）,635,12472,理科,本科提前批
西北工业大学,计算机类,661,4051,理科,本科提前批
西北工业大学,材料类（新材料与化工试验班）,660,4291,理科,本科提前批
西北工业大学,机械类（航宇智能制造试验班）,661,4051,理科,本科提前批
重庆大学,建筑学,656,5280,理科,本科批
重庆大学,电气工程及其自动化,659,4522,理科,本科批
重庆大学,数学类（含数学与应用数学、金融数学、信息与计算科学、统计学专业）,656,5280,理科,本科批
重庆大学,新闻传播学类（含新闻学、广播电视学专业）,628,926,文科,本科批
重庆大学,公共管理类（含行政管理、城市管理专业）,629,881,文科,本科批
重庆大学,化学类（含应用化学、化学工程与工艺、制药工程、材料化学专业）,653,6125,理科,本科批
重庆大学,管理科学与工程类（含工程管理、工程造价、财务管理、房地产开发与管理专业）,654,5838,理科,本科批
重庆大学,数据科学与大数据技术（第三、四学年每年预交学费标准为15000元）,657,5030,理科,本科批
重庆大学,机械类（含机械设计制造及其自动化、车辆工程、机械电子工程、工业工程、工业设计专业）,655,5561,理科,本科批
重庆大学,经济学类（含经济学、国际经济与贸易专业）,629,881,文科,本科批
重庆大学,法学类（含法学、知识产权专业）,629,881,文科,本科批
重庆大学,经济学类（含经济学、金融学、国际经济与贸易、能源经济专业）,658,4750,理科,本科批
重庆大学,土木类（含土木工程、建筑环境与能源应用工程、城市地下空间工程、测绘工程专业）,653,6125,理科,本科批
重庆大学,能源动力类（含能源与动力工程、新能源科学与工程、核工程与核技术专业）,655,5561,理科,本科批
重庆大学,环境科学与工程类（含给排水科学与工程、环境工程、环境生态工程、环境科学专业）,654,5838,理科,本科批
重庆大学,机器人工程,658,4750,理科,本科批
重庆大学,机械设计制造及其自动化（中外合作办学）（平均53000元/年，第五年在美国辛辛那提大学学习期间，按辛辛那提大学标准缴纳学费）,635,12472,理科,本科批
重庆大学,智能医学工程,656,5280,理科,本科批
重庆大学,材料类（含材料科学与工程、材料成型及控制工程、冶金工程专业）,653,6125,理科,本科批
重庆大学,会计学（ACCA方向）,659,4522,理科,本科批
重庆大学,物理学类,649,7343,理科,本科提前批
重庆大学,材料类,648,7686,理科,本科提前批
重庆大学,工商管理类,650,7007,理科,本科提前批
重庆大学,机械类,649,7343,理科,本科提前批
重庆大学,矿业类（矿业与安全）,648,7686,理科,本科提前批
重庆大学,土木类,649,7343,理科,本科提前批
重庆大学,电子信息类,652,6430,理科,本科提前批
重庆大学,生物医学工程类（生物与药学）,649,7343,理科,本科提前批
重庆大学,管理科学与工程类,649,7343,理科,本科提前批
重庆大学,化学类,647,7994,理科,本科提前批
电子科技大学,信息管理与信息系统,629,881,文科,本科批
电子科技大学,工科试验班（智能制造、机器人、电气信息）（含智能电网信息工程、机器人工程、机械设计制造及其自动化、电气工程及其自动化、工业工程专业）,667,2883,理科,本科批
电子科技大学,工科试验班（智能仪器、智能控制）（含自动化、测控技术与仪器专业）,667,2883,理科,本科批
电子科技大学,工科试验班（电子工程类）（含电子科学与技术、微电子科学与工程、电磁场与无线技术、电波传播与天线专业）,670,2384,理科,本科批
电子科技大学,电子信息类（中外合作办学）（通信、微电子）（含通信工程、微电子科学与工程专业）（沙河校区）（中外合作）,652,6430,理科,本科批
电子科技大学,计算机类（含计算机科学与技术、数据科学与大数据技术、网络空间安全、数字媒体技术专业）,673,1958,理科,本科批
电子科技大学,数学类（数据科学与计算、数学及应用、计算科学）（含数学与应用数学、数据科学与大数据技术、信息与计算科学专业）,667,2883,理科,本科批
电子科技大学,软件工程（互联网交叉培养实验班）（沙河校区）,666,3076,理科,本科批
电子科技大学,外国语言文学类（含英语、日语、法语、翻译专业）,622,1268,文科,本科批
电子科技大学,电子信息类（光通信与显示、智能感知、智慧照明）（含光电信息科学与工程、信息工程、光源与照明专业）,668,2704,理科,本科批
电子科技大学,社会科学试验班（公共管理与法律复合人才培养）（含行政管理、城市管理、法学专业）,623,1198,文科,本科批
电子科技大学,电子信息类（信息与通信）（含网络工程、物联网工程、电子信息工程、通信工程、信息对抗技术专业）,671,2234,理科,本科批
电子科技大学,自动化（智能制造实验班）,668,2704,理科,本科批
电子科技大学,电子信息类（中外合作办学）（电子信息）（含电子信息工程专业）（沙河校区）（中外合作）,654,5838,理科,本科批
电子科技大学,软件工程（国家示范性软件学院）（沙河校区）,664,3435,理科,本科批
电子科技大学,经济管理试验班（管理与电子工程双学位培养（含电子信息工程、工商管理、电子商务、金融学专业））,667,2883,理科,本科批
电子科技大学,电子信息类（电子信息与物理科学复合培养）（含电子信息科学与技术、应用物理学专业）,668,2704,理科,本科批
电子科技大学,集成电路设计与集成系统（国家示范性微电子学院）（沙河校区）,666,3076,理科,本科批
电子科技大学,护理学（沙河校区）（医学类）,630,14623,理科,本科批
电子科技大学,航空航天类（飞行器控制信息、空天智能设计制造、无人机）（含航空航天工程、无人驾驶航空器系统工程、探测制导与控制技术、飞行器控制与信息工程专业）,667,2883,理科,本科批
电子科技大学,计算机类,669,2531,理科,本科提前批
电子科技大学,航空航天类（飞行器控制信息、空天智能设,663,3633,理科,本科提前批
电子科技大学,工科试验班（电子工程类）,666,3076,理科,本科提前批
电子科技大学,电子信息类（信息与通信）,664,3435,理科,本科提前批
电子科技大学,工科试验班（电子信息与地球科学复合培养）,662,3821,理科,本科提前批
电子科技大学,工科试验班（智能制造、机器人、电气信息）,663,3633,理科,本科提前批
电子科技大学,计算机科学与技术（智能金融与区块链金融技术）,679,1215,理科,本科提前批
电子科技大学,工科试验班（新材料、新能源与电子化学）,661,4051,理科,本科提前批
电子科技大学,电子信息类（成电英才计划拔尖创新人才实验班）,681,1024,理科,本科提前批
兰州大学,生态学,644,8965,理科,本科批
兰州大学,数字媒体技术,646,8341,理科,本科批
兰州大学,大气科学类（含大气科学（基地班）、大气科学、应用气象学专业）,645,8674,理科,本科批
兰州大学,工商管理类（含管理科学（基地班）、会计学、市场营销、人力资源管理、信息管理与信息系统、行政管理专业）,645,8674,理科,本科批
兰州大学,计算机类（含计算机科学与技术（基地班）、计算机科学与技术、信息安全、数据科学与大数据技术专业）,647,7994,理科,本科批
兰州大学,日语,617,1623,文科,本科批
兰州大学,物理学类（含物理学（基地班）、物理学、微电子科学与工程专业）,645,8674,理科,本科批
兰州大学,新闻传播学类（含新闻学、广播电视学专业）,619,1468,文科,本科批
兰州大学,汉语言文学（戏剧影视方向）,618,1547,文科,本科批
兰州大学,俄语,617,1623,文科,本科批
兰州大学,环境科学与工程类（含环境科学、环境工程专业）,644,8965,理科,本科批
兰州大学,数学类（含数学与应用数学（基地班）、数学与应用数学、信息与计算科学专业）,646,8341,理科,本科批
兰州大学,核化工与核燃料工程,644,8965,理科,本科批
兰州大学,医学检验技术,643,9339,理科,本科批
兰州大学,草业科学（基地班）,643,9339,理科,本科批
兰州大学,理论与应用力学（基地班）,645,8674,理科,本科批
兰州大学,英语（只招英语语种考生）,617,1623,文科,本科批
兰州大学,化学类（含化学（基地班）、化学、应用化学、化学工程与工艺、功能材料、能源化学工程专业）,644,8965,理科,本科批
兰州大学,生物科学类（含生物科学（基地班）、生物技术（基地班）、生物科学、生物技术专业）,645,8674,理科,本科批
兰州大学,临床药学,644,8965,理科,本科批
兰州大学,药学,639,10835,理科,本科提前批
兰州大学,计算机类,640,10452,理科,本科提前批
兰州大学,临床医学类,639,10835,理科,本科提前批
兰州大学,马克思主义理论类,615,1820,文科,本科提前批
东北大学,理科试验班（含化学、应用化学专业）,647,7994,理科,本科批
东北大学,人工智能（入学后为英语教学，其他语种考生慎报）,650,7007,理科,本科批
东北大学,计算机类（含软件工程、数字媒体技术、信息安全专业；原则上只招收有志愿考生。学年学费标准大一大二5200元/年，大三大四16000元/年。入学后外语教学为英语，其他语种考生慎报）,650,7007,理科,本科批
东北大学,机器人工程,651,6724,理科,本科批
东北大学,人文科学试验班（含思想政治教育、哲学专业）,618,1547,文科,本科批
东北大学,材料类（含材料科学与工程、材料成型及控制工程、材料物理专业）,646,8341,理科,本科批
东北大学,计算机类（含计算机科学与技术、物联网工程专业）,653,6125,理科,本科批
东北大学,智能医学工程（入学后外语教学为英语，其他语种考生慎报）,647,7994,理科,本科批
东北大学,建筑类（含建筑学、城乡规划专业；要求考生具备一定的绘画基础）,647,7994,理科,本科批
东北大学,公共管理类（含法学、公共事业管理、行政管理、土地资源管理、新闻学专业）,618,1547,文科,本科批
东北大学,自动化类（含自动化、电气工程及其自动化、测控技术与仪器、电子科学与技术、工业智能专业；入学后外语教学为英语，其他语种考生慎报）,651,6724,理科,本科批
东北大学,经济管理试验班（含工商管理、市场营销、会计学、工业工程、信息管理与信息系统、国际经济与贸易、金融学、经济学专业）,646,8341,理科,本科批
东北大学,电子信息类（含电子信息工程、通信工程专业）,650,7007,理科,本科批
东北大学,理科试验班（含数学与应用数学、信息与计算科学、应用物理学、工程力学专业）,649,7343,理科,本科批
东北大学,生物工程类（含生物工程、生物制药专业；入学后外语教学为英语，其他语种考生慎报）,647,7994,理科,本科批
东北大学,机械类（含机械工程、过程装备与控制工程、车辆工程、工业设计、智能制造工程专业）,647,7994,理科,本科批
东北大学,外国语言文学类（含英语、俄语、日语、德语专业；只招英语，俄语，日语，德语语种考生）,617,1623,文科,本科批
东北大学,计算机类,660,4291,理科,本科提前批
东北大学,工科试验班（其他备注及方向整理中）,644,8965,理科,本科提前批
东北大学,工科试验班,638,11231,理科,本科提前批
东北大学,生物医学工程（中外合作办学）,590,38298,理科,本科提前批
东北大学,理科试验班,652,6430,理科,本科提前批
东北大学,机械类,647,7994,理科,本科提前批
东北大学,材料类,645,8674,理科,本科提前批
东北大学,材料科学与工程（中外合作办学）,593,36210,理科,本科提前批
东北大学,自动化类,651,6724,理科,本科提前批
华东师范大学,历史学,647,237,文科,本科批
华东师范大学,汉语言文学,643,338,文科,本科批
华东师范大学,地理科学,663,3633,理科,本科批
华东师范大学,化学,664,3435,理科,本科批
华东师范大学,心理学类（含心理学、应用心理学专业）,666,3076,理科,本科批
华东师范大学,法语（只招英语语种考生）,637,507,文科,本科批
华东师范大学,数学类（含数学与应用数学、信息与计算科学专业）,672,2080,理科,本科批
华东师范大学,计算机科学与技术,666,3076,理科,本科批
华东师范大学,教育技术学（双学位）（与计算几科学与技术专业双学位1）,663,3633,理科,本科批
华东师范大学,工商管理类（含工商管理、会计学、旅游管理专业）,667,2883,理科,本科批
华东师范大学,金融学类（含金融学、经济学专业）,636,558,文科,本科批
华东师范大学,公共管理类（含人力资源管理、行政管理专业）,636,558,文科,本科批
华东师范大学,教育学类（含学前教育、艺术教育、特殊教育、教育康复学、公共事业管理、教育技术学专业；师范类）,637,507,文科,本科批
华东师范大学,工商管理类（含工商管理、会计学、旅游管理专业）,636,558,文科,本科批
华东师范大学,新闻传播学类（含新闻学、编辑出版学专业）,637,507,文科,本科批
华东师范大学,物理学类（含物理学、材料科学与工程专业）,668,2704,理科,本科批
华东师范大学,通信工程,664,3435,理科,本科批
华东师范大学,软件工程（第三、四年学费每年16000元）,667,2883,理科,本科批
华东师范大学,生物科学类（含生物科学、生物技术专业）,663,3633,理科,本科批
华东师范大学,金融学（双学位）（与统计学专业双学位）,668,2704,理科,本科批
华东师范大学,化学,655,5561,理科,本科提前批
华东师范大学,通信工程,655,5561,理科,本科提前批
华东师范大学,物理学类,654,5838,理科,本科提前批
华东师范大学,生物科学类,654,5838,理科,本科提前批
华东师范大学,环境科学与工程类,654,5838,理科,本科提前批
华东师范大学,微电子科学与工程,657,5030,理科,本科提前批
华东师范大学,计算机科学与技术,657,5030,理科,本科提前批
中国农业大学,植物保护,645,8674,理科,本科批
中国农业大学,动物科学,646,8341,理科,本科批
中国农业大学,动物医学,647,7994,理科,本科批
中国农业大学,农业工程类（含农业工程、农业机械化及其自动化、农业智能装备工程专业）,646,8341,理科,本科批
中国农业大学,草业科学,645,8674,理科,本科批
中国农业大学,环境科学与工程类（含应用气象学、生态学、资源环境科学、环境工程专业）,647,7994,理科,本科批
中国农业大学,机械类（含机械设计制造及其自动化、车辆工程、工业设计、机械电子工程专业）,645,8674,理科,本科批
中国农业大学,传播学（中外合作办学）（仅录取有专业志愿的考生；学费国内每年8.8至10万元；如出国学习，合作院校将按留学生标准收取学费；详细信息请务必向国际学院咨询010-62737793/4，http://icb.cau.edu.cn）,605,2951,文科,本科批
中国农业大学,英语（只招英语语种考生）,628,926,文科,本科批
中国农业大学,农林经济管理（中外合作办学）（仅录取有专业志愿的考生；学费国内每年6万元，出国学习期间合作院校将按留学生标准收取学费；详细信息请务必向国际学院咨询01062737793/4，http//icb.cau.edu.cn）,635,12472,理科,本科批
中国农业大学,经济学类（含国际经济与贸易、金融学、农林经济管理专业）,650,7007,理科,本科批
中国农业大学,园林（考生宜有一定的绘画基础）,655,5561,理科,本科批
中国农业大学,电子信息类（含电子信息工程、通信工程、电气工程及其自动化、人工智能专业）,650,7007,理科,本科批
中国农业大学,法学,629,881,文科,本科批
中国农业大学,工商管理类（含工商管理、会计学、电子商务专业）,629,881,文科,本科批
中国农业大学,数学与应用数学,656,5280,理科,本科批
中国农业大学,理科试验班（信息科学）（含电子信息类、计算机类、农业工程类、机械类、水利类、数学与应用数学、工程力学、地理科学类专业）,656,5280,理科,本科批
中国农业大学,生物科学类（含生物科学、生物技术专业）,654,5838,理科,本科批
中国农业大学,农村区域发展（专业下设国际发展等方向，第三学期分方向培养）,629,881,文科,本科批
中国农业大学,地理科学类（含地理信息科学、土地资源管理、土地整治工程专业）,645,8674,理科,本科批
中国农业大学,环境科学与工程类,648,7686,理科,本科提前批
中国农业大学,植物保护,647,7994,理科,本科提前批
中国农业大学,农业工程类,653,6125,理科,本科提前批
中国农业大学,工程力学,646,8341,理科,本科提前批
中国农业大学,园艺,646,8341,理科,本科提前批
中国农业大学,地理科学类,644,8965,理科,本科提前批
中国农业大学,化学类,646,8341,理科,本科提前批
中国农业大学,电子信息类,648,7686,理科,本科提前批
中国农业大学,水利类,646,8341,理科,本科提前批
中国海洋大学,化学,645,8674,理科,本科批
中国海洋大学,药学,651,6724,理科,本科批
中国海洋大学,海洋技术,645,8674,理科,本科批
中国海洋大学,食品科学与工程,646,8341,理科,本科批
中国海洋大学,港口航道与海岸工程,646,8341,理科,本科批
中国海洋大学,海洋科学,652,6430,理科,本科批
中国海洋大学,海洋资源开发技术,647,7994,理科,本科批
中国海洋大学,水产养殖学,646,8341,理科,本科批
中国海洋大学,法学,646,8341,理科,本科批
中国海洋大学,环境工程,646,8341,理科,本科批
中国海洋大学,物流管理,645,8674,理科,本科批
中国海洋大学,财务管理,646,8341,理科,本科批
中国海洋大学,自动化,646,8341,理科,本科批
中国海洋大学,数学类（含数学与应用数学、信息与计算科学专业）,647,7994,理科,本科批
中国海洋大学,物理学,645,8674,理科,本科批
中国海洋大学,计算机类（含计算机科学与技术、智能科学与技术、保密管理、数据科学与大数据技术、网络空间安全专业）,649,7343,理科,本科批
中国海洋大学,国际经济与贸易,622,1268,文科,本科批
中国海洋大学,政治学与行政学,621,1336,文科,本科批
中国海洋大学,材料类（含材料科学与工程、高分子材料与工程专业）,649,7343,理科,本科批
中国海洋大学,机械设计制造及其自动化,646,8341,理科,本科批
中国海洋大学,药学,634,12894,理科,本科提前批
中国海洋大学,水产养殖学,631,14193,理科,本科提前批
中国海洋大学,法学（中外合作办学）,610,2336,文科,本科提前批
中国海洋大学,法学（中外合作办学）,613,23347,理科,本科提前批
中国海洋大学,食品科学与工程（中外合作办学）,614,22806,理科,本科提前批
中国海洋大学,数学与应用数学（中外合作办学）,618,20579,理科,本科提前批
中国海洋大学,计算机科学与技术（中外合作办学）,623,17933,理科,本科提前批
中国海洋大学,生物技术（中外合作办学）,616,21637,理科,本科提前批
中国海洋大学,海洋科学（中外合作办学）,623,17933,理科,本科提前批
中国海洋大学,海洋渔业科学与技术,636,12058,理科,本科提前批
西北农林科技大学,水土保持与荒漠化防治,629,15092,理科,本科批
西北农林科技大学,植物保护,624,17444,理科,本科批
西北农林科技大学,动物医学类（含动物医学、动物药学专业）,624,17444,理科,本科批
西北农林科技大学,园艺（园艺类）（含园艺、茶学专业）,624,17444,理科,本科批
西北农林科技大学,电气工程及其自动化,630,14623,理科,本科批
西北农林科技大学,生物科学类（含生物科学、生物技术、生物工程专业）,627,16046,理科,本科批
西北农林科技大学,农学（农学类）（含农学、植物科学与技术、种子科学与工程专业）,630,14623,理科,本科批
西北农林科技大学,林业工程类（含林产化工、木材科学与工程专业）,624,17444,理科,本科批
西北农林科技大学,资源环境科学,626,16498,理科,本科批
西北农林科技大学,计算机类（含数据科学与大数据技术、软件工程、信息管理与信息系统、计算机科学与技术、电子商务专业）,631,14193,理科,本科批
西北农林科技大学,风景园林,626,16498,理科,本科批
西北农林科技大学,制药工程,625,16958,理科,本科批
西北农林科技大学,光电信息科学与工程,628,15579,理科,本科批
西北农林科技大学,工商管理类（含市场营销、土地资源管理、农林经济管理、工商管理、会计学专业）,627,16046,理科,本科批
西北农林科技大学,经济学类（含经济学、国际经济与贸易、金融学、保险学专业）,628,15579,理科,本科批
西北农林科技大学,土木工程,627,16046,理科,本科批
西北农林科技大学,地理信息科学,624,17444,理科,本科批
西北农林科技大学,电子信息工程,632,13750,理科,本科批
西北农林科技大学,林学类（含林学、森林保护专业）,624,17444,理科,本科批
西北农林科技大学,公共管理类（含劳动与社会保障、公共事业管理专业）,610,2336,文科,本科批
西北农林科技大学,植物保护,622,18484,理科,本科提前批
西北农林科技大学,食品科学与工程类,622,18484,理科,本科提前批
西北农林科技大学,葡萄与葡萄酒工程,621,18977,理科,本科提前批
西北农林科技大学,水利类（卓越班）,626,16498,理科,本科提前批
西北农林科技大学,食品营养与健康（卓越班）,621,18977,理科,本科提前批
西北农林科技大学,环境科学（中外合作办学）,588,39788,理科,本科提前批
西北农林科技大学,食品科学与工程（中外合作办学）,604,28870,理科,本科提前批
西北农林科技大学,农学（农学类）,623,17933,理科,本科提前批
西北农林科技大学,生物科学类（生命科学与技术基地班）,622,18484,理科,本科提前批
西北农林科技大学,环境科学与工程类（卓越班）,622,18484,理科,本科提前批
西北农林科技大学,工商管理类（卓越班）,626,16498,理科,本科提前批
西北农林科技大学,动物科学（动物类）,621,18977,理科,本科提前批
西北农林科技大学,生物科学类,621,18977,理科,本科提前批
西北农林科技大学,机械类（卓越班）,622,18484,理科,本科提前批
中央民族大学,民族学,629,881,文科,本科批
中央民族大学,外国语言文学类（含英语、翻译专业）,646,8341,理科,本科批
中央民族大学,教育学,627,975,文科,本科批
中央民族大学,法学类（含法学、法学（法学与英语）专业）,627,975,文科,本科批
中央民族大学,经济学类（含经济学、财政学、金融学、国际经济与贸易专业）,650,7007,理科,本科批
中央民族大学,外国语言文学类（含英语、翻译专业）,627,975,文科,本科批
中央民族大学,法学类（含法学、法学（法学与英语）专业）,649,7343,理科,本科批
中央民族大学,哲学类（含哲学、宗教学专业）,629,881,文科,本科批
中央民族大学,中药学,647,7994,理科,本科批
中央民族大学,环境科学与工程类（含环境工程、环境科学、化学专业）,647,7994,理科,本科批
中央民族大学,信息与计算科学,645,8674,理科,本科批
中央民族大学,新闻传播学类（含新闻学、广告学专业）,627,975,文科,本科批
中央民族大学,电子信息类（含电子信息工程、通信工程专业）,646,8341,理科,本科批
中央民族大学,社会学类（含社会学、社会工作专业）,627,975,文科,本科批
中央民族大学,生物科学类,644,8965,理科,本科提前批
中央民族大学,公共管理类,620,1396,文科,本科提前批
中央民族大学,工商管理类,641,10082,理科,本科提前批
中央民族大学,计算机类,645,8674,理科,本科提前批
中央民族大学,信息与计算科学,645,8674,理科,本科提前批
中央民族大学,汉语言文学,625,1088,文科,本科提前批
中央民族大学,历史学类,624,1133,文科,本科提前批
